timestamp,temperature,humidity_air,humidity_soil,light,temp_futura_5m,hour,minute_of_day
2025-11-17 20:30:27-06:00,20.6,69,264,5.0,20.6,20,1230
2025-11-17 20:33:23-06:00,20.6,71,191,5.8,20.5,20,1233
2025-11-17 20:33:28-06:00,20.6,71,191,5.0,20.2,20,1233
2025-11-17 20:33:33-06:00,20.6,71,191,5.0,20.2,20,1233
2025-11-17 20:33:38-06:00,20.6,70,191,11.7,20.2,20,1233
2025-11-17 20:33:43-06:00,20.6,70,190,0.8,20.2,20,1233
2025-11-17 20:33:48-06:00,20.6,70,270,1.7,20.3,20,1233
2025-11-17 20:33:53-06:00,20.6,69,246,0.8,20.6,20,1233
2025-11-17 20:34:33-06:00,20.6,69,203,56.7,20.5,20,1234
2025-11-17 20:34:38-06:00,20.6,69,202,55.8,20.4,20,1234
2025-11-17 20:34:43-06:00,20.6,70,203,4.2,20.3,20,1234
2025-11-17 20:37:54-06:00,20.4,65,198,51.7,20.6,20,1237
2025-11-17 20:37:59-06:00,20.5,65,198,56.7,20.6,20,1237
2025-11-17 20:40:55-06:00,20.5,67,198,50.0,20.6,20,1240
2025-11-17 20:41:00-06:00,20.6,68,198,53.3,20.6,20,1241
2025-11-17 20:41:05-06:00,20.6,69,197,53.3,20.6,20,1241
2025-11-17 20:41:10-06:00,20.6,67,197,52.5,20.6,20,1241
2025-11-17 20:43:36-06:00,20.6,71,197,50.0,20.2,20,1243
2025-11-17 20:43:41-06:00,20.6,69,197,50.8,20.2,20,1243
2025-11-17 20:43:46-06:00,20.6,65,197,262.5,20.2,20,1243
2025-11-17 20:43:51-06:00,20.6,63,198,2576.7,20.2,20,1243
2025-11-17 20:45:45-06:00,20.6,62,230,5.0,20.2,20,1245
2025-11-17 20:45:50-06:00,20.6,63,228,5.0,20.2,20,1245
2025-11-17 20:45:55-06:00,20.6,62,228,5.0,20.2,20,1245
2025-11-17 20:46:00-06:00,20.6,63,227,5.0,20.2,20,1246
2025-11-17 20:46:05-06:00,20.6,64,227,5.0,20.4,20,1246
2025-11-17 20:46:10-06:00,20.6,63,227,5.0,20.6,20,1246
2025-11-17 20:46:16-06:00,20.6,64,227,34.2,20.6,20,1246
2025-11-17 20:48:22-06:00,20.2,65,227,4.2,20.6,20,1248
2025-11-17 20:49:26-06:00,20.2,69,255,5.0,20.6,20,1249
2025-11-17 20:49:31-06:00,20.2,68,253,6.7,20.6,20,1249
2025-11-17 20:49:36-06:00,20.2,65,250,6.7,20.6,20,1249
2025-11-17 20:49:41-06:00,20.2,65,249,6.7,20.6,20,1249
2025-11-17 20:51:16-06:00,20.6,70,198,4.2,20.6,20,1251
2025-11-17 20:53:22-06:00,20.6,56,194,4.2,20.2,20,1253
2025-11-17 20:53:27-06:00,20.6,53,194,4.2,20.2,20,1253
2025-11-17 20:53:32-06:00,20.4,52,194,4.2,20.2,20,1253
2025-11-17 20:54:47-06:00,20.6,62,196,4.2,20.2,20,1254
2025-11-17 20:54:52-06:00,20.6,60,194,5.0,20.2,20,1254
2025-11-17 20:55:53-06:00,20.6,61,214,5.8,20.2,20,1255
2025-11-17 20:56:58-06:00,20.2,60,204,5.0,20.2,20,1256
2025-11-17 20:57:43-06:00,20.2,58,207,8.3,20.2,20,1257
2025-11-17 20:57:48-06:00,20.2,58,208,8.3,20.2,20,1257
2025-11-17 20:57:53-06:00,20.2,56,205,8.3,20.2,20,1257
2025-11-17 20:57:58-06:00,20.2,56,205,8.3,20.2,20,1257
2025-11-17 20:58:38-06:00,20.2,57,206,8.3,20.2,20,1258
2025-11-17 21:00:04-06:00,20.2,59,206,6.7,20.2,21,1260
2025-11-17 21:00:09-06:00,20.2,60,205,6.7,20.2,21,1260
2025-11-17 21:00:14-06:00,20.2,61,203,6.7,20.2,21,1260
2025-11-17 21:00:19-06:00,20.2,61,206,6.7,20.2,21,1260
2025-11-17 21:00:24-06:00,20.2,62,206,6.7,20.2,21,1260
2025-11-17 21:00:29-06:00,20.2,62,206,6.7,20.2,21,1260
2025-11-17 21:00:34-06:00,20.2,62,205,6.7,20.2,21,1260
2025-11-17 21:04:20-06:00,20.2,57,211,4.2,19.9,21,1264
2025-11-17 21:04:25-06:00,20.2,55,211,4.2,19.8,21,1264
2025-11-17 21:04:30-06:00,20.2,54,211,4.2,19.9,21,1264
2025-11-17 21:04:35-06:00,20.2,55,211,4.2,19.9,21,1264
2025-11-17 21:04:40-06:00,20.2,57,211,4.2,19.8,21,1264
2025-11-17 21:04:46-06:00,20.2,59,208,4.2,19.8,21,1264
2025-11-17 21:04:51-06:00,20.2,59,211,4.2,19.8,21,1264
2025-11-17 21:07:31-06:00,20.2,58,210,5.0,19.8,21,1267
2025-11-17 21:07:36-06:00,20.2,57,210,5.0,19.8,21,1267
2025-11-17 21:07:41-06:00,20.2,58,211,5.0,19.8,21,1267
2025-11-17 21:07:46-06:00,20.2,56,209,4.2,19.8,21,1267
2025-11-17 21:07:51-06:00,20.2,55,210,4.2,19.8,21,1267
2025-11-17 21:11:07-06:00,19.8,59,211,5.0,19.8,21,1271
2025-11-17 21:12:02-06:00,19.8,61,210,4.2,19.8,21,1272
2025-11-17 21:12:07-06:00,19.8,60,210,5.0,19.8,21,1272
2025-11-17 21:13:08-06:00,19.8,58,210,5.0,19.8,21,1273
2025-11-17 21:13:13-06:00,19.8,58,210,4.2,19.8,21,1273
2025-11-17 21:13:18-06:00,19.8,58,210,4.2,19.8,21,1273
2025-11-17 21:13:23-06:00,19.8,58,209,5.0,19.8,21,1273
2025-11-17 21:13:28-06:00,19.8,59,210,4.2,19.8,21,1273
2025-11-17 21:13:33-06:00,19.8,59,211,4.2,19.8,21,1273
2025-11-17 21:13:38-06:00,19.8,59,210,5.0,19.8,21,1273
2025-11-17 21:13:43-06:00,19.8,60,210,5.0,19.8,21,1273
2025-11-17 21:19:24-06:00,19.8,63,210,5.0,19.8,21,1279
2025-11-17 21:19:29-06:00,19.8,63,210,5.0,19.8,21,1279
2025-11-17 21:19:34-06:00,19.8,63,209,4.2,19.8,21,1279
2025-11-17 21:19:39-06:00,19.8,62,210,5.0,19.8,21,1279
2025-11-17 21:19:44-06:00,19.8,62,210,5.0,19.8,21,1279
2025-11-17 21:19:49-06:00,19.8,62,210,5.0,19.8,21,1279
2025-11-17 21:25:06-06:00,19.8,65,210,5.0,19.8,21,1285
2025-11-17 21:25:11-06:00,19.8,65,210,5.0,19.8,21,1285
2025-11-17 21:26:06-06:00,19.8,61,209,5.0,19.8,21,1286
2025-11-17 21:26:11-06:00,19.8,59,210,5.0,19.8,21,1286
2025-11-17 21:27:12-06:00,19.8,60,209,5.0,19.8,21,1287
2025-11-17 21:29:27-06:00,19.8,63,209,5.0,19.8,21,1289
2025-11-17 21:29:32-06:00,19.8,63,209,5.0,19.8,21,1289
2025-11-17 21:29:37-06:00,19.8,63,209,5.0,19.8,21,1289
2025-11-17 21:29:42-06:00,19.8,64,209,5.0,19.8,21,1289
2025-11-17 21:29:47-06:00,19.8,64,209,5.0,19.8,21,1289
2025-11-17 21:29:52-06:00,19.8,64,209,5.0,19.8,21,1289
2025-11-17 21:29:57-06:00,19.8,64,210,5.0,19.8,21,1289
2025-11-17 21:30:02-06:00,19.8,64,209,5.0,19.8,21,1290
2025-11-17 21:32:58-06:00,19.8,63,209,5.0,19.4,21,1292
2025-11-17 21:33:13-06:00,19.8,61,209,5.0,19.4,21,1293
2025-11-17 21:33:18-06:00,19.8,60,210,5.0,19.4,21,1293
2025-11-17 21:33:49-06:00,19.8,58,209,5.0,19.4,21,1293
2025-11-17 21:34:10-06:00,19.8,60,209,5.0,19.4,21,1294
2025-11-17 21:35:24-06:00,19.8,63,209,5.0,19.4,21,1295
2025-11-17 21:36:19-06:00,19.8,61,208,5.0,19.4,21,1296
2025-11-17 21:36:24-06:00,19.8,62,209,5.0,19.4,21,1296
2025-11-17 21:37:04-06:00,19.4,58,209,5.0,19.4,21,1297
2025-11-17 21:37:09-06:00,19.4,58,208,5.0,19.4,21,1297
2025-11-17 21:37:14-06:00,19.4,58,209,5.0,19.4,21,1297
2025-11-17 21:38:25-06:00,19.4,61,208,5.0,19.4,21,1298
2025-11-17 21:38:55-06:00,19.4,60,208,5.0,19.4,21,1298
2025-11-17 21:39:00-06:00,19.4,60,208,5.0,19.4,21,1299
2025-11-17 21:39:05-06:00,19.4,60,208,5.0,19.4,21,1299
2025-11-17 21:39:45-06:00,19.4,62,208,5.0,19.4,21,1299
2025-11-17 21:40:46-06:00,19.4,61,208,5.0,19.4,21,1300
2025-11-17 21:40:51-06:00,19.4,61,208,5.0,19.4,21,1300
2025-11-17 21:40:56-06:00,19.4,62,208,5.0,19.4,21,1300
2025-11-17 21:42:56-06:00,19.4,60,208,5.0,19.4,21,1302
2025-11-17 21:43:01-06:00,19.4,62,208,5.0,19.4,21,1303
2025-11-17 21:43:06-06:00,19.4,63,207,5.0,19.4,21,1303
2025-11-17 21:43:11-06:00,19.4,64,208,5.0,19.4,21,1303
2025-11-17 21:43:16-06:00,19.4,64,208,5.0,19.4,21,1303
2025-11-17 21:43:21-06:00,19.4,64,208,5.0,19.4,21,1303
2025-11-17 21:45:22-06:00,19.4,63,208,5.0,19.4,21,1305
2025-11-17 21:46:02-06:00,19.4,60,212,5.0,19.4,21,1306
2025-11-17 21:46:07-06:00,19.4,60,209,5.0,19.4,21,1306
2025-11-17 21:46:12-06:00,19.4,59,209,5.0,19.4,21,1306
2025-11-17 21:46:17-06:00,19.4,59,209,5.0,19.4,21,1306
2025-11-17 21:46:22-06:00,19.4,60,209,5.0,19.4,21,1306
2025-11-17 21:47:23-06:00,19.4,64,210,5.0,19.4,21,1307
2025-11-17 21:47:28-06:00,19.4,65,210,5.0,19.4,21,1307
2025-11-17 21:48:43-06:00,19.4,60,210,5.0,19.4,21,1308
2025-11-17 21:48:48-06:00,19.4,59,210,5.0,19.4,21,1308
2025-11-17 21:48:53-06:00,19.4,57,210,5.0,19.4,21,1308
2025-11-17 21:48:58-06:00,19.4,56,210,5.0,19.4,21,1308
2025-11-17 21:49:03-06:00,19.4,57,210,5.0,19.4,21,1309
2025-11-17 21:49:08-06:00,19.4,58,210,5.0,19.4,21,1309
2025-11-17 21:49:13-06:00,19.4,59,210,5.0,19.4,21,1309
2025-11-17 21:49:18-06:00,19.4,60,210,5.0,19.4,21,1309
2025-11-17 21:49:23-06:00,19.4,60,209,5.0,19.4,21,1309
2025-11-17 21:50:28-06:00,19.4,62,209,5.0,19.4,21,1310
2025-11-17 21:52:54-06:00,19.4,62,210,4.2,19.0,21,1312
2025-11-17 21:52:59-06:00,19.4,63,211,5.0,19.1,21,1312
2025-11-17 21:53:04-06:00,19.4,64,211,5.0,19.3,21,1313
2025-11-17 21:53:09-06:00,19.4,63,211,5.0,19.1,21,1313
2025-11-17 21:55:40-06:00,19.4,62,209,4.2,19.0,21,1315
2025-11-17 21:57:15-06:00,19.2,58,210,5.0,19.0,21,1317
2025-11-17 21:57:20-06:00,19.2,58,210,5.0,19.0,21,1317
2025-11-17 21:57:25-06:00,19.1,59,212,5.0,19.0,21,1317
2025-11-17 21:57:30-06:00,19.1,59,210,5.0,19.0,21,1317
2025-11-17 21:57:35-06:00,19.1,60,211,5.0,19.0,21,1317
2025-11-17 21:57:40-06:00,19.1,59,210,4.2,19.0,21,1317
2025-11-17 22:00:51-06:00,19.0,59,212,4.2,19.0,22,1320
2025-11-17 22:02:52-06:00,19.0,61,213,5.0,19.0,22,1322
2025-11-17 22:03:27-06:00,19.0,57,214,5.0,19.0,22,1323
2025-11-17 22:03:32-06:00,19.0,57,213,4.2,19.0,22,1323
2025-11-17 22:03:37-06:00,19.0,57,213,5.0,19.0,22,1323
2025-11-17 22:03:42-06:00,19.0,57,213,4.2,19.0,22,1323
2025-11-17 22:03:47-06:00,19.0,57,213,4.2,19.0,22,1323
2025-11-17 22:03:57-06:00,19.0,56,213,5.0,19.0,22,1323
2025-11-17 22:04:02-06:00,19.0,57,213,4.2,19.0,22,1324
2025-11-17 22:04:07-06:00,19.0,58,213,5.0,19.0,22,1324
2025-11-17 22:04:12-06:00,19.0,59,213,4.2,19.0,22,1324
2025-11-17 22:06:03-06:00,19.0,56,213,5.0,19.0,22,1326
2025-11-17 22:07:08-06:00,19.0,60,213,4.2,19.0,22,1327
2025-11-17 22:08:13-06:00,19.0,59,214,4.2,19.0,22,1328
2025-11-17 22:09:19-06:00,19.0,57,213,4.2,19.0,22,1329
2025-11-17 22:09:49-06:00,19.0,57,213,4.2,19.0,22,1329
2025-11-17 22:09:54-06:00,19.0,58,213,5.0,19.0,22,1329
2025-11-17 22:18:37-06:00,19.0,63,216,5.0,19.0,22,1338
2025-11-17 22:18:42-06:00,19.0,65,216,5.0,19.0,22,1338
2025-11-17 22:18:47-06:00,19.0,66,215,4.2,19.0,22,1338
2025-11-17 22:18:52-06:00,19.0,67,215,5.0,19.0,22,1338
2025-11-17 22:19:57-06:00,19.0,59,216,5.0,19.0,22,1339
2025-11-17 22:20:37-06:00,19.0,56,215,5.0,18.8,22,1340
2025-11-17 22:21:32-06:00,19.0,54,215,5.0,18.6,22,1341
2025-11-17 22:21:37-06:00,19.0,55,215,4.2,18.6,22,1341
2025-11-17 22:21:42-06:00,19.0,53,215,5.0,18.6,22,1341
2025-11-17 22:21:47-06:00,19.0,51,216,5.0,18.6,22,1341
2025-11-17 22:21:52-06:00,19.0,51,216,5.0,18.6,22,1341
2025-11-17 22:21:57-06:00,19.0,53,216,5.0,18.6,22,1341
2025-11-17 22:25:03-06:00,19.0,54,215,4.2,18.6,22,1345
2025-11-17 22:25:43-06:00,18.7,51,216,4.2,18.3,22,1345
2025-11-17 22:27:09-06:00,18.6,58,215,5.0,18.6,22,1347
2025-11-17 22:28:55-06:00,18.6,52,215,4.2,18.6,22,1348
2025-11-17 22:29:00-06:00,18.6,54,214,4.2,18.6,22,1349
2025-11-17 22:29:05-06:00,18.6,53,214,4.2,18.6,22,1349
2025-11-17 22:29:10-06:00,18.6,54,214,4.2,18.6,22,1349
2025-11-17 22:29:15-06:00,18.6,53,215,4.2,18.6,22,1349
2025-11-17 22:29:20-06:00,18.6,53,215,4.2,18.6,22,1349
2025-11-17 22:29:25-06:00,18.6,54,215,5.0,18.6,22,1349
2025-11-17 22:29:30-06:00,18.6,54,214,4.2,18.6,22,1349
2025-11-17 22:31:25-06:00,18.6,63,211,5.0,18.6,22,1351
2025-11-17 22:32:51-06:00,18.6,64,212,5.0,18.6,22,1352
2025-11-17 22:32:56-06:00,18.6,64,214,5.0,18.5,22,1352
2025-11-17 22:33:16-06:00,18.6,66,214,5.0,18.6,22,1353
2025-11-17 22:33:21-06:00,18.6,66,215,5.0,18.5,22,1353
2025-11-17 22:33:26-06:00,18.6,65,214,5.0,18.3,22,1353
2025-11-17 22:33:31-06:00,18.6,64,214,5.0,18.2,22,1353
2025-11-17 22:33:36-06:00,18.6,65,215,5.0,18.2,22,1353
2025-11-17 22:33:41-06:00,18.6,65,214,5.0,18.2,22,1353
2025-11-17 22:33:46-06:00,18.6,65,214,5.0,18.2,22,1353
2025-11-17 22:33:51-06:00,18.6,64,215,5.0,18.2,22,1353
2025-11-17 22:34:36-06:00,18.6,65,214,5.0,18.2,22,1354
2025-11-17 22:34:41-06:00,18.6,62,214,5.0,18.2,22,1354
2025-11-17 22:34:46-06:00,18.6,61,214,5.0,18.2,22,1354
2025-11-17 22:34:51-06:00,18.6,59,214,5.0,18.2,22,1354
2025-11-17 22:36:57-06:00,18.6,68,214,5.0,18.2,22,1356
2025-11-17 22:37:02-06:00,18.6,66,214,5.0,18.2,22,1357
2025-11-17 22:37:07-06:00,18.6,63,214,5.0,18.2,22,1357
2025-11-17 22:37:12-06:00,18.6,62,214,4.2,18.2,22,1357
2025-11-17 22:38:02-06:00,18.3,57,214,5.0,18.2,22,1358
2025-11-17 22:38:07-06:00,18.5,60,214,5.0,18.2,22,1358
2025-11-17 22:38:12-06:00,18.6,61,213,4.2,18.2,22,1358
2025-11-17 22:40:13-06:00,18.2,59,214,5.0,18.2,22,1360
2025-11-17 22:40:18-06:00,18.2,58,216,5.0,18.2,22,1360
2025-11-17 22:40:23-06:00,18.2,58,214,4.2,18.2,22,1360
2025-11-17 22:40:28-06:00,18.2,59,215,5.0,18.2,22,1360
2025-11-17 22:40:33-06:00,18.2,59,215,4.2,18.2,22,1360
2025-11-17 22:40:38-06:00,18.2,60,214,5.0,18.2,22,1360
2025-11-17 22:40:58-06:00,18.2,60,215,5.0,18.2,22,1360
2025-11-17 22:41:03-06:00,18.2,60,215,4.2,18.2,22,1361
2025-11-17 22:41:08-06:00,18.2,60,215,4.2,18.2,22,1361
2025-11-17 22:46:14-06:00,18.2,57,217,5.0,18.2,22,1366
2025-11-17 22:46:19-06:00,18.2,57,217,4.2,18.2,22,1366
2025-11-17 22:46:24-06:00,18.2,57,217,4.2,18.2,22,1366
2025-11-17 22:46:29-06:00,18.2,58,218,5.0,18.2,22,1366
2025-11-17 22:49:25-06:00,18.2,60,218,5.0,18.2,22,1369
2025-11-17 22:49:30-06:00,18.2,59,219,5.0,18.2,22,1369
2025-11-17 22:49:35-06:00,18.2,58,219,5.0,18.2,22,1369
2025-11-17 22:51:56-06:00,18.2,65,218,4.2,18.2,22,1371
2025-11-17 22:52:41-06:00,18.2,64,219,5.0,18.2,22,1372
2025-11-17 22:52:46-06:00,18.2,65,219,4.2,18.2,22,1372
2025-11-17 22:52:51-06:00,18.2,64,219,4.2,18.2,22,1372
2025-11-17 22:52:56-06:00,18.2,62,219,4.2,18.2,22,1372
2025-11-17 22:54:57-06:00,18.2,61,219,4.2,18.2,22,1374
2025-11-17 22:55:02-06:00,18.2,60,219,5.0,18.2,22,1375
2025-11-17 22:55:07-06:00,18.2,60,219,4.2,18.2,22,1375
2025-11-17 22:55:12-06:00,18.2,60,220,4.2,18.2,22,1375
2025-11-17 22:55:17-06:00,18.2,61,219,4.2,18.2,22,1375
2025-11-17 22:55:22-06:00,18.2,61,219,4.2,18.2,22,1375
2025-11-17 22:55:27-06:00,18.2,61,220,4.2,18.2,22,1375
2025-11-17 22:55:32-06:00,18.2,60,220,4.2,18.2,22,1375
2025-11-17 22:56:33-06:00,18.2,64,220,4.2,18.2,22,1376
2025-11-17 22:59:39-06:00,18.2,61,220,4.2,18.2,22,1379
2025-11-17 23:01:00-06:00,18.2,61,220,5.0,18.2,23,1381
2025-11-17 23:01:05-06:00,18.2,62,220,4.2,18.2,23,1381
2025-11-17 23:01:10-06:00,18.2,62,221,4.2,18.2,23,1381
2025-11-17 23:01:15-06:00,18.2,62,221,4.2,18.2,23,1381
2025-11-17 23:02:20-06:00,18.2,59,221,4.2,18.2,23,1382
2025-11-17 23:03:10-06:00,18.2,56,221,4.2,18.2,23,1383
2025-11-17 23:03:15-06:00,18.2,56,221,4.2,18.2,23,1383
2025-11-17 23:03:50-06:00,18.2,62,221,4.2,18.2,23,1383
2025-11-17 23:06:51-06:00,18.2,64,221,4.2,18.2,23,1386
2025-11-17 23:06:56-06:00,18.2,65,221,4.2,18.2,23,1386
2025-11-17 23:13:33-06:00,18.2,62,220,4.2,17.8,23,1393
2025-11-17 23:13:38-06:00,18.2,62,220,4.2,17.8,23,1393
2025-11-17 23:13:43-06:00,18.2,62,221,4.2,17.8,23,1393
2025-11-17 23:13:48-06:00,18.2,62,220,4.2,17.8,23,1393
2025-11-17 23:16:39-06:00,17.8,62,207,4.2,17.8,23,1396
2025-11-17 23:16:44-06:00,17.8,61,208,4.2,17.8,23,1396
2025-11-17 23:16:49-06:00,17.8,62,207,4.2,17.8,23,1396
2025-11-17 23:16:54-06:00,17.8,62,207,4.2,17.8,23,1396
2025-11-17 23:16:59-06:00,17.8,63,208,4.2,17.8,23,1396
2025-11-17 23:17:04-06:00,17.8,62,208,4.2,17.8,23,1397
2025-11-17 23:17:59-06:00,17.8,61,198,4.2,18.2,23,1397
2025-11-17 23:18:04-06:00,17.8,61,198,4.2,18.2,23,1398
2025-11-17 23:18:09-06:00,17.8,60,198,4.2,18.2,23,1398
2025-11-17 23:18:14-06:00,17.8,60,198,4.2,18.2,23,1398
2025-11-17 23:21:05-06:00,17.8,64,198,4.2,17.8,23,1401
2025-11-17 23:21:10-06:00,17.8,64,198,4.2,17.8,23,1401
2025-11-17 23:21:15-06:00,17.8,64,198,4.2,17.9,23,1401
2025-11-17 23:23:21-06:00,18.2,61,198,4.2,17.8,23,1403
2025-11-17 23:24:01-06:00,18.2,63,199,4.2,17.8,23,1404
2025-11-17 23:24:06-06:00,18.2,62,198,4.2,17.8,23,1404
2025-11-17 23:24:11-06:00,18.2,62,198,4.2,17.8,23,1404
2025-11-17 23:24:16-06:00,18.2,62,198,4.2,17.8,23,1404
2025-11-17 23:24:21-06:00,18.2,62,198,4.2,17.8,23,1404
2025-11-17 23:25:22-06:00,18.2,63,198,4.2,17.8,23,1405
2025-11-17 23:25:27-06:00,18.2,64,198,4.2,17.8,23,1405
2025-11-17 23:26:37-06:00,18.2,67,198,4.2,17.8,23,1406
2025-11-17 23:26:42-06:00,18.2,66,198,4.2,17.8,23,1406
2025-11-17 23:29:54-06:00,17.8,61,198,4.2,17.8,23,1409
2025-11-17 23:30:33-06:00,17.8,64,198,4.2,17.9,23,1410
2025-11-17 23:30:38-06:00,17.8,64,198,4.2,17.8,23,1410
2025-11-17 23:34:49-06:00,17.8,61,199,4.2,17.8,23,1414
2025-11-17 23:34:54-06:00,17.8,60,199,4.2,17.8,23,1414
2025-11-17 23:34:59-06:00,17.8,60,199,4.2,17.8,23,1414
2025-11-17 23:37:25-06:00,17.8,61,200,4.2,17.8,23,1417
2025-11-17 23:37:30-06:00,17.8,61,200,4.2,17.8,23,1417
2025-11-17 23:39:01-06:00,17.8,60,201,4.2,17.8,23,1419
2025-11-17 23:39:06-06:00,17.8,60,200,4.2,17.8,23,1419
2025-11-17 23:40:16-06:00,17.8,64,202,4.2,17.8,23,1420
2025-11-17 23:41:41-06:00,17.8,62,202,4.2,17.8,23,1421
2025-11-17 23:41:46-06:00,17.8,61,203,4.2,17.8,23,1421
2025-11-17 23:44:57-06:00,17.8,63,203,4.2,17.8,23,1424
2025-11-17 23:45:02-06:00,17.8,63,204,4.2,17.8,23,1425
2025-11-17 23:45:07-06:00,17.8,62,205,4.2,17.8,23,1425
2025-11-17 23:45:12-06:00,17.8,61,203,4.2,17.8,23,1425
2025-11-17 23:45:22-06:00,17.8,62,203,4.2,17.8,23,1425
2025-11-17 23:45:27-06:00,17.8,62,204,4.2,17.8,23,1425
2025-11-17 23:45:32-06:00,17.8,61,203,4.2,17.8,23,1425
2025-11-17 23:45:37-06:00,17.8,61,203,4.2,17.8,23,1425
2025-11-17 23:47:13-06:00,17.8,61,204,4.2,17.4,23,1427
2025-11-17 23:47:58-06:00,17.8,63,204,4.2,17.5,23,1427
2025-11-17 23:48:03-06:00,17.8,63,204,4.2,17.4,23,1428
2025-11-17 23:48:08-06:00,17.8,63,204,4.2,17.4,23,1428
2025-11-17 23:48:19-06:00,17.8,62,204,4.2,17.4,23,1428
2025-11-17 23:48:24-06:00,17.8,62,203,4.2,17.4,23,1428
2025-11-17 23:48:29-06:00,17.8,62,204,4.2,17.4,23,1428
2025-11-17 23:48:34-06:00,17.8,63,203,4.2,17.4,23,1428
2025-11-17 23:48:39-06:00,17.8,64,204,4.2,17.4,23,1428
2025-11-17 23:48:44-06:00,17.8,64,204,4.2,17.4,23,1428
2025-11-17 23:48:49-06:00,17.8,64,204,4.2,17.4,23,1428
2025-11-17 23:48:54-06:00,17.8,65,204,4.2,17.4,23,1428
2025-11-17 23:49:44-06:00,17.8,69,205,4.2,17.4,23,1429
2025-11-17 23:49:49-06:00,17.8,68,204,4.2,17.4,23,1429
2025-11-17 23:54:55-06:00,17.4,60,210,4.2,17.4,23,1434
2025-11-17 23:55:20-06:00,17.4,63,211,4.2,17.4,23,1435
2025-11-17 23:55:25-06:00,17.4,64,211,4.2,17.4,23,1435
2025-11-17 23:55:30-06:00,17.4,65,211,4.2,17.4,23,1435
2025-11-17 23:55:35-06:00,17.4,65,211,4.2,17.4,23,1435
2025-11-17 23:55:55-06:00,17.4,66,210,4.2,17.4,23,1435
2025-11-17 23:56:56-06:00,17.4,63,213,4.2,17.4,23,1436
2025-11-17 23:57:01-06:00,17.4,63,213,4.2,17.4,23,1437
2025-11-17 23:57:06-06:00,17.4,63,212,4.2,17.4,23,1437
2025-11-17 23:57:11-06:00,17.4,64,213,4.2,17.4,23,1437
2025-11-17 23:57:16-06:00,17.4,64,212,4.2,17.4,23,1437
2025-11-17 23:57:21-06:00,17.4,64,212,4.2,17.4,23,1437
2025-11-17 23:57:26-06:00,17.4,64,213,4.2,17.4,23,1437
2025-11-17 23:57:31-06:00,17.4,65,214,4.2,17.4,23,1437
2025-11-17 23:57:36-06:00,17.4,65,213,4.2,17.4,23,1437
2025-11-18 00:03:27-06:00,17.4,65,216,4.2,17.4,0,3
2025-11-18 00:03:32-06:00,17.4,65,215,4.2,17.4,0,3
2025-11-18 00:03:37-06:00,17.4,65,215,4.2,17.4,0,3
2025-11-18 00:05:23-06:00,17.4,64,216,4.2,17.4,0,5
2025-11-18 00:05:28-06:00,17.4,65,216,4.2,17.4,0,5
2025-11-18 00:05:33-06:00,17.4,66,216,4.2,17.4,0,5
2025-11-18 00:08:54-06:00,17.4,65,218,4.2,17.4,0,8
2025-11-18 00:09:49-06:00,17.4,66,218,4.2,17.4,0,9
2025-11-18 00:09:54-06:00,17.4,66,217,4.2,17.4,0,9
2025-11-18 00:11:55-06:00,17.4,60,217,4.2,17.4,0,11
2025-11-18 00:15:46-06:00,17.4,61,218,4.2,17.4,0,15
2025-11-18 00:19:42-06:00,17.4,66,217,4.2,17.4,0,19
2025-11-18 00:19:47-06:00,17.4,67,216,4.2,17.4,0,19
2025-11-18 00:19:52-06:00,17.4,67,218,4.2,17.4,0,19
2025-11-18 00:20:57-06:00,17.4,58,217,4.2,17.4,0,20
2025-11-18 00:21:17-06:00,17.4,60,217,4.2,17.4,0,21
2025-11-18 00:21:58-06:00,17.4,60,216,4.2,17.4,0,21
2025-11-18 00:22:03-06:00,17.4,62,216,4.2,17.4,0,22
2025-11-18 00:22:08-06:00,17.4,63,217,4.2,17.4,0,22
2025-11-18 00:23:53-06:00,17.4,60,217,4.2,17.4,0,23
2025-11-18 00:23:58-06:00,17.4,59,217,4.2,17.4,0,23
2025-11-18 00:24:03-06:00,17.4,60,216,4.2,17.4,0,24
2025-11-18 00:24:08-06:00,17.4,62,216,4.2,17.4,0,24
2025-11-18 00:25:13-06:00,17.4,63,217,4.2,17.4,0,25
2025-11-18 00:26:24-06:00,17.4,58,216,4.2,17.4,0,26
2025-11-18 00:28:04-06:00,17.4,57,216,4.2,17.4,0,28
2025-11-18 00:28:09-06:00,17.4,58,217,4.2,17.4,0,28
2025-11-18 00:28:14-06:00,17.4,59,216,4.2,17.4,0,28
2025-11-18 00:28:19-06:00,17.4,60,216,4.2,17.4,0,28
2025-11-18 00:28:24-06:00,17.4,60,216,4.2,17.4,0,28
2025-11-18 00:34:06-06:00,17.4,54,216,4.2,17.4,0,34
2025-11-18 00:34:11-06:00,17.4,54,216,4.2,17.4,0,34
2025-11-18 00:36:32-06:00,17.4,51,216,4.2,17.0,0,36
2025-11-18 00:36:37-06:00,17.4,52,216,4.2,17.0,0,36
2025-11-18 00:36:42-06:00,17.4,53,216,4.2,17.0,0,36
2025-11-18 00:36:47-06:00,17.4,55,216,4.2,17.0,0,36
2025-11-18 00:36:57-06:00,17.4,52,216,4.2,17.0,0,36
2025-11-18 00:37:02-06:00,17.4,51,216,4.2,17.0,0,37
2025-11-18 00:37:07-06:00,17.4,52,216,4.2,17.0,0,37
2025-11-18 00:37:12-06:00,17.4,53,216,4.2,17.0,0,37
2025-11-18 00:37:17-06:00,17.4,54,216,4.2,17.0,0,37
2025-11-18 00:37:22-06:00,17.4,54,216,4.2,17.0,0,37
2025-11-18 00:37:27-06:00,17.4,54,216,4.2,17.0,0,37
2025-11-18 00:37:32-06:00,17.4,54,216,4.2,17.0,0,37
2025-11-18 00:40:53-06:00,17.0,55,217,4.2,17.0,0,40
2025-11-18 00:43:54-06:00,17.0,52,217,4.2,17.0,0,43
2025-11-18 00:44:34-06:00,17.0,53,217,4.2,17.0,0,44
2025-11-18 00:44:39-06:00,17.0,53,218,4.2,17.0,0,44
2025-11-18 00:44:44-06:00,17.0,54,217,4.2,17.0,0,44
2025-11-18 00:44:49-06:00,17.0,53,217,4.2,17.0,0,44
2025-11-18 00:44:55-06:00,17.0,51,217,4.2,17.0,0,44
2025-11-18 00:45:29-06:00,17.0,55,217,4.2,17.0,0,45
2025-11-18 00:46:30-06:00,17.0,56,216,4.2,17.0,0,46
2025-11-18 00:46:35-06:00,17.0,55,217,4.2,17.0,0,46
2025-11-18 00:46:40-06:00,17.0,55,216,4.2,17.0,0,46
2025-11-18 00:47:35-06:00,17.0,55,217,4.2,17.0,0,47
2025-11-18 00:47:40-06:00,17.0,55,218,4.2,17.0,0,47
2025-11-18 00:48:35-06:00,17.0,55,217,4.2,17.0,0,48
2025-11-18 00:48:40-06:00,17.0,54,217,4.2,17.0,0,48
2025-11-18 00:48:45-06:00,17.0,54,217,4.2,17.0,0,48
2025-11-18 00:51:46-06:00,17.0,54,217,4.2,17.0,0,51
2025-11-18 00:51:51-06:00,17.0,55,216,4.2,17.0,0,51
2025-11-18 00:54:47-06:00,17.0,58,217,4.2,17.0,0,54
2025-11-18 00:54:52-06:00,17.0,56,217,4.2,17.0,0,54
2025-11-18 00:54:57-06:00,17.0,56,217,4.2,17.0,0,54
2025-11-18 00:55:47-06:00,17.0,56,217,4.2,17.0,0,55
2025-11-18 00:57:58-06:00,17.0,59,217,4.2,17.0,0,57
2025-11-18 00:58:23-06:00,17.0,57,217,4.2,17.0,0,58
2025-11-18 00:58:28-06:00,17.0,56,217,4.2,17.0,0,58
2025-11-18 00:58:33-06:00,17.0,55,218,4.2,17.0,0,58
2025-11-18 00:58:38-06:00,17.0,54,217,4.2,17.0,0,58
2025-11-18 00:58:43-06:00,17.0,53,217,4.2,17.0,0,58
2025-11-18 00:58:58-06:00,17.0,56,217,4.2,17.0,0,58
2025-11-18 01:00:04-06:00,17.0,55,218,4.2,17.0,1,60
2025-11-18 01:01:09-06:00,17.0,56,217,4.2,17.0,1,61
2025-11-18 01:01:14-06:00,17.0,57,218,4.2,17.0,1,61
2025-11-18 01:01:19-06:00,17.0,57,217,4.2,17.0,1,61
2025-11-18 01:05:25-06:00,17.0,60,218,4.2,17.0,1,65
2025-11-18 01:06:25-06:00,17.0,59,218,4.2,17.0,1,66
2025-11-18 01:06:30-06:00,17.0,58,217,4.2,17.0,1,66
2025-11-18 01:06:35-06:00,17.0,59,218,4.2,17.0,1,66
2025-11-18 01:09:36-06:00,17.0,59,217,4.2,17.3,1,69
2025-11-18 01:12:47-06:00,17.0,59,217,4.2,17.4,1,72
2025-11-18 01:12:52-06:00,17.0,59,224,4.2,17.4,1,72
2025-11-18 01:12:57-06:00,17.0,58,218,4.2,17.4,1,72
2025-11-18 01:16:59-06:00,17.4,65,217,4.2,17.4,1,76
2025-11-18 01:17:04-06:00,17.4,62,217,4.2,17.0,1,77
2025-11-18 01:17:09-06:00,17.4,62,217,4.2,17.0,1,77
2025-11-18 01:17:14-06:00,17.4,61,217,4.2,17.2,1,77
2025-11-18 01:17:19-06:00,17.4,61,218,4.2,17.2,1,77
2025-11-18 01:17:24-06:00,17.4,63,217,4.2,17.1,1,77
2025-11-18 01:17:29-06:00,17.4,62,217,4.2,17.1,1,77
2025-11-18 01:17:34-06:00,17.4,60,218,4.2,17.1,1,77
2025-11-18 01:17:39-06:00,17.4,59,218,4.2,17.2,1,77
2025-11-18 01:18:59-06:00,17.4,67,218,4.2,17.2,1,78
2025-11-18 01:19:04-06:00,17.4,66,217,4.2,17.1,1,79
2025-11-18 01:19:09-06:00,17.4,65,217,4.2,17.1,1,79
2025-11-18 01:19:14-06:00,17.4,63,217,4.2,17.2,1,79
2025-11-18 01:19:59-06:00,17.4,60,216,4.2,17.0,1,79
2025-11-18 01:20:04-06:00,17.4,61,216,4.2,17.0,1,80
2025-11-18 01:20:09-06:00,17.4,63,217,4.2,17.0,1,80
2025-11-18 01:20:30-06:00,17.4,64,217,4.2,17.0,1,80
2025-11-18 01:20:35-06:00,17.4,64,217,4.2,17.0,1,80
2025-11-18 01:20:40-06:00,17.4,59,217,4.2,17.0,1,80
2025-11-18 01:20:45-06:00,17.4,58,217,4.2,17.0,1,80
2025-11-18 01:20:50-06:00,17.4,57,218,4.2,17.0,1,80
2025-11-18 01:21:00-06:00,17.4,57,217,4.2,17.0,1,81
2025-11-18 01:21:05-06:00,17.4,57,217,4.2,17.0,1,81
2025-11-18 01:21:10-06:00,17.4,55,217,4.2,17.0,1,81
2025-11-18 01:21:15-06:00,17.4,56,217,4.2,17.0,1,81
2025-11-18 01:21:20-06:00,17.4,55,217,4.2,17.0,1,81
2025-11-18 01:26:26-06:00,17.0,60,217,4.2,17.0,1,86
2025-11-18 01:27:36-06:00,17.0,60,218,4.2,17.0,1,87
2025-11-18 01:30:27-06:00,17.0,55,218,4.2,17.0,1,90
2025-11-18 01:30:32-06:00,17.0,55,224,4.2,17.0,1,90
2025-11-18 01:31:32-06:00,17.0,54,217,4.2,17.0,1,91
2025-11-18 01:31:37-06:00,17.0,55,218,4.2,17.0,1,91
2025-11-18 01:31:42-06:00,17.0,55,218,4.2,17.0,1,91
2025-11-18 01:33:28-06:00,17.0,59,218,4.2,17.0,1,93
2025-11-18 01:37:44-06:00,17.0,60,217,4.2,17.0,1,97
2025-11-18 01:37:49-06:00,17.0,60,218,4.2,17.0,1,97
2025-11-18 01:37:54-06:00,17.0,60,218,4.2,17.0,1,97
2025-11-18 01:38:34-06:00,17.0,60,217,4.2,17.0,1,98
2025-11-18 01:38:39-06:00,17.0,60,217,4.2,17.0,1,98
2025-11-18 01:38:44-06:00,17.0,60,215,4.2,17.0,1,98
2025-11-18 01:38:49-06:00,17.0,60,217,4.2,17.0,1,98
2025-11-18 01:38:54-06:00,17.0,60,217,4.2,17.0,1,98
2025-11-18 01:38:59-06:00,17.0,59,218,4.2,17.0,1,98
2025-11-18 01:40:30-06:00,17.0,60,218,4.2,17.0,1,100
2025-11-18 01:40:35-06:00,17.0,60,217,4.2,17.0,1,100
2025-11-18 01:40:40-06:00,17.0,58,218,4.2,17.0,1,100
2025-11-18 01:40:45-06:00,17.0,59,218,4.2,17.0,1,100
2025-11-18 01:41:20-06:00,17.0,62,217,4.2,17.0,1,101
2025-11-18 01:41:25-06:00,17.0,63,217,4.2,17.0,1,101
2025-11-18 01:41:30-06:00,17.0,64,217,4.2,17.0,1,101
2025-11-18 01:41:35-06:00,17.0,64,218,4.2,17.0,1,101
2025-11-18 01:41:40-06:00,17.0,64,218,4.2,17.0,1,101
2025-11-18 01:41:45-06:00,17.0,64,218,4.2,17.0,1,101
2025-11-18 01:41:50-06:00,17.0,63,217,4.2,17.0,1,101
2025-11-18 01:47:57-06:00,17.0,68,218,4.2,17.0,1,107
2025-11-18 01:48:47-06:00,17.0,70,217,4.2,17.0,1,108
2025-11-18 01:48:52-06:00,17.0,70,218,4.2,17.0,1,108
2025-11-18 01:52:09-06:00,17.0,68,218,4.2,17.0,1,112
2025-11-18 01:52:14-06:00,17.0,68,218,4.2,17.0,1,112
2025-11-18 01:52:19-06:00,17.0,68,218,4.2,17.0,1,112
2025-11-18 01:54:59-06:00,17.0,70,218,4.2,16.6,1,114
2025-11-18 01:55:04-06:00,17.0,69,218,4.2,16.6,1,115
2025-11-18 01:55:09-06:00,17.0,69,218,4.2,16.6,1,115
2025-11-18 01:55:14-06:00,17.0,68,218,4.2,16.6,1,115
2025-11-18 01:55:19-06:00,17.0,68,219,4.2,16.6,1,115
2025-11-18 01:57:55-06:00,16.6,59,216,4.2,16.6,1,117
2025-11-18 01:58:00-06:00,16.6,58,217,4.2,16.6,1,118
2025-11-18 02:00:31-06:00,16.6,66,217,4.2,16.6,2,120
2025-11-18 02:00:36-06:00,16.6,66,217,4.2,16.6,2,120
2025-11-18 02:00:41-06:00,16.6,67,217,4.2,16.6,2,120
2025-11-18 02:00:46-06:00,16.6,68,217,4.2,16.6,2,120
2025-11-18 02:00:51-06:00,16.6,69,218,4.2,16.6,2,120
2025-11-18 02:00:56-06:00,16.6,68,217,4.2,16.6,2,120
2025-11-18 02:01:01-06:00,16.6,69,217,4.2,16.6,2,121
2025-11-18 02:05:07-06:00,16.6,62,228,4.2,16.1,2,125
2025-11-18 02:05:12-06:00,16.6,63,229,4.2,16.1,2,125
2025-11-18 02:05:17-06:00,16.6,64,229,4.2,16.1,2,125
2025-11-18 02:06:28-06:00,16.6,64,229,4.2,16.1,2,126
2025-11-18 02:12:40-06:00,16.1,61,230,4.2,16.1,2,132
2025-11-18 02:13:00-06:00,16.1,60,230,4.2,16.1,2,133
2025-11-18 02:13:05-06:00,16.1,60,230,4.2,16.1,2,133
2025-11-18 02:13:10-06:00,16.1,60,231,4.2,16.1,2,133
2025-11-18 02:13:15-06:00,16.1,60,230,4.2,16.1,2,133
2025-11-18 02:13:20-06:00,16.1,60,230,4.2,16.1,2,133
2025-11-18 02:13:25-06:00,16.1,60,230,4.2,16.1,2,133
2025-11-18 02:13:30-06:00,16.1,60,231,4.2,16.1,2,133
2025-11-18 02:13:35-06:00,16.1,60,231,4.2,16.1,2,133
2025-11-18 02:16:40-06:00,16.1,56,233,4.2,16.1,2,136
2025-11-18 02:17:10-06:00,16.1,59,233,4.2,16.1,2,137
2025-11-18 02:17:15-06:00,16.1,60,234,4.2,16.1,2,137
2025-11-18 02:17:20-06:00,16.1,60,233,4.2,16.1,2,137
2025-11-18 02:19:11-06:00,16.1,64,233,4.2,16.1,2,139
2025-11-18 02:20:16-06:00,16.1,67,233,4.2,16.1,2,140
2025-11-18 02:20:21-06:00,16.1,67,233,4.2,16.1,2,140
2025-11-18 02:20:26-06:00,16.1,67,233,4.2,16.1,2,140
2025-11-18 02:20:31-06:00,16.1,66,231,4.2,16.1,2,140
2025-11-18 02:20:36-06:00,16.1,67,233,4.2,16.1,2,140
2025-11-18 02:20:41-06:00,16.1,67,234,4.2,16.1,2,140
2025-11-18 02:22:47-06:00,16.1,68,231,4.2,16.1,2,142
2025-11-18 02:23:22-06:00,16.1,68,232,4.2,16.1,2,143
2025-11-18 02:23:27-06:00,16.1,69,232,4.2,16.1,2,143
2025-11-18 02:24:58-06:00,16.1,63,231,4.2,16.1,2,144
2025-11-18 02:25:03-06:00,16.1,64,231,4.2,16.1,2,145
2025-11-18 02:25:08-06:00,16.1,65,231,4.2,16.1,2,145
2025-11-18 02:27:08-06:00,16.1,64,230,4.2,15.7,2,147
2025-11-18 02:28:39-06:00,16.1,67,231,4.2,15.7,2,148
2025-11-18 02:28:44-06:00,16.1,67,231,4.2,15.7,2,148
2025-11-18 02:28:49-06:00,16.1,67,230,4.2,15.7,2,148
2025-11-18 02:29:24-06:00,16.1,68,230,4.2,15.7,2,149
2025-11-18 02:29:29-06:00,16.1,68,229,4.2,15.7,2,149
2025-11-18 02:29:34-06:00,16.1,68,228,4.2,15.7,2,149
2025-11-18 02:29:39-06:00,16.1,68,230,4.2,15.7,2,149
2025-11-18 02:29:44-06:00,16.1,68,230,4.2,15.7,2,149
2025-11-18 02:29:49-06:00,16.1,68,230,4.2,15.7,2,149
2025-11-18 02:29:54-06:00,16.1,68,230,4.2,15.7,2,149
2025-11-18 02:30:39-06:00,16.1,69,230,4.2,15.7,2,150
2025-11-18 02:30:44-06:00,16.1,69,230,4.2,15.7,2,150
2025-11-18 02:30:49-06:00,16.1,69,230,4.2,15.7,2,150
2025-11-18 02:30:55-06:00,16.1,69,230,4.2,15.7,2,150
2025-11-18 02:31:00-06:00,16.1,69,230,4.2,15.7,2,151
2025-11-18 02:31:05-06:00,16.1,69,230,4.2,15.7,2,151
2025-11-18 02:31:10-06:00,16.1,69,230,4.2,15.7,2,151
2025-11-18 02:31:15-06:00,16.1,69,229,4.2,15.7,2,151
2025-11-18 02:32:25-06:00,15.7,70,230,4.2,15.7,2,152
2025-11-18 02:32:30-06:00,15.7,70,230,4.2,15.7,2,152
2025-11-18 02:32:35-06:00,15.7,70,229,4.2,15.7,2,152
2025-11-18 02:32:40-06:00,15.7,70,229,4.2,15.7,2,152
2025-11-18 02:33:55-06:00,15.7,71,228,4.2,15.7,2,153
2025-11-18 02:34:00-06:00,15.7,71,229,4.2,15.7,2,154
2025-11-18 02:34:05-06:00,15.7,71,226,4.2,15.7,2,154
2025-11-18 02:35:00-06:00,15.7,70,229,4.2,15.7,2,155
2025-11-18 02:35:05-06:00,15.7,70,229,4.2,15.7,2,155
2025-11-18 02:35:10-06:00,15.7,71,229,4.2,15.7,2,155
2025-11-18 02:35:15-06:00,15.7,71,228,4.2,15.7,2,155
2025-11-18 02:37:46-06:00,15.7,68,228,4.2,15.7,2,157
2025-11-18 02:37:51-06:00,15.7,69,227,4.2,15.7,2,157
2025-11-18 02:37:56-06:00,15.7,68,228,4.2,15.7,2,157
2025-11-18 02:38:01-06:00,15.7,66,228,4.2,15.7,2,158
2025-11-18 02:38:06-06:00,15.7,66,228,4.2,15.7,2,158
2025-11-18 02:40:42-06:00,15.7,70,227,4.2,15.7,2,160
2025-11-18 02:40:47-06:00,15.7,70,227,4.2,15.7,2,160
2025-11-18 02:40:52-06:00,15.7,69,226,4.2,15.7,2,160
2025-11-18 02:40:57-06:00,15.7,69,227,4.2,15.7,2,160
2025-11-18 02:41:02-06:00,15.7,69,225,4.2,15.7,2,161
2025-11-18 02:41:47-06:00,15.7,69,226,4.2,15.5,2,161
2025-11-18 02:41:52-06:00,15.7,70,226,4.2,15.2,2,161
2025-11-18 02:41:57-06:00,15.7,70,226,4.2,15.2,2,161
2025-11-18 02:47:24-06:00,15.2,67,224,4.2,15.2,2,167
2025-11-18 02:48:04-06:00,15.2,67,224,4.2,15.2,2,168
2025-11-18 02:48:09-06:00,15.2,67,224,4.2,15.2,2,168
2025-11-18 02:48:14-06:00,15.2,67,224,4.2,15.2,2,168
2025-11-18 02:48:19-06:00,15.2,68,223,4.2,15.2,2,168
2025-11-18 02:48:24-06:00,15.2,67,224,4.2,15.2,2,168
2025-11-18 02:49:04-06:00,15.2,69,225,4.2,15.2,2,169
2025-11-18 02:49:09-06:00,15.2,68,225,4.2,15.2,2,169
2025-11-18 02:49:14-06:00,15.2,66,225,4.2,15.2,2,169
2025-11-18 02:50:25-06:00,15.2,67,227,4.2,15.2,2,170
2025-11-18 02:50:30-06:00,15.2,67,228,4.2,15.2,2,170
2025-11-18 02:56:21-06:00,15.2,70,230,4.2,14.8,2,176
2025-11-18 02:56:26-06:00,15.2,70,229,4.2,14.8,2,176
2025-11-18 03:02:58-06:00,14.8,66,235,4.2,14.8,3,182
2025-11-18 03:03:03-06:00,14.8,65,234,4.2,14.8,3,183
2025-11-18 03:05:04-06:00,14.8,62,232,4.2,14.8,3,185
2025-11-18 03:06:54-06:00,14.8,67,234,4.2,14.8,3,186
2025-11-18 03:06:59-06:00,14.8,66,234,4.2,14.8,3,186
2025-11-18 03:07:10-06:00,14.8,66,235,4.2,14.8,3,187
2025-11-18 03:07:15-06:00,14.8,67,235,4.2,14.8,3,187
2025-11-18 03:07:20-06:00,14.8,68,236,4.2,14.8,3,187
2025-11-18 03:07:25-06:00,14.8,68,237,4.2,14.8,3,187
2025-11-18 03:07:45-06:00,14.8,68,236,4.2,14.8,3,187
2025-11-18 03:07:50-06:00,14.8,67,235,4.2,14.8,3,187
2025-11-18 03:08:55-06:00,14.8,66,240,4.2,14.8,3,188
2025-11-18 03:09:00-06:00,14.8,66,236,4.2,14.8,3,189
2025-11-18 03:09:05-06:00,14.8,67,236,4.2,14.8,3,189
2025-11-18 03:09:10-06:00,14.8,68,237,4.2,14.8,3,189
2025-11-18 03:09:45-06:00,14.8,66,236,4.2,14.8,3,189
2025-11-18 03:09:50-06:00,14.8,66,237,4.2,14.8,3,189
2025-11-18 03:10:51-06:00,14.8,66,235,4.2,14.8,3,190
2025-11-18 03:10:56-06:00,14.8,66,236,4.2,14.8,3,190
2025-11-18 03:11:01-06:00,14.8,66,234,4.2,14.8,3,191
2025-11-18 03:11:06-06:00,14.8,66,235,4.2,14.8,3,191
2025-11-18 03:11:11-06:00,14.8,66,235,4.2,14.8,3,191
2025-11-18 03:13:26-06:00,14.8,71,232,4.2,14.8,3,193
2025-11-18 03:13:31-06:00,14.8,71,232,4.2,14.8,3,193
2025-11-18 03:13:36-06:00,14.8,71,232,4.2,14.8,3,193
2025-11-18 03:14:16-06:00,14.8,65,232,4.2,14.8,3,194
2025-11-18 03:14:21-06:00,14.8,66,233,4.2,14.8,3,194
2025-11-18 03:16:17-06:00,14.8,62,232,4.2,14.8,3,196
2025-11-18 03:16:22-06:00,14.8,62,232,4.2,14.8,3,196
2025-11-18 03:16:27-06:00,14.8,62,231,4.2,14.8,3,196
2025-11-18 03:16:32-06:00,14.8,63,231,4.2,14.8,3,196
2025-11-18 03:16:37-06:00,14.8,64,231,4.2,14.8,3,196
2025-11-18 03:16:47-06:00,14.8,65,231,4.2,14.8,3,196
2025-11-18 03:17:32-06:00,14.8,67,231,4.2,14.8,3,197
2025-11-18 03:17:37-06:00,14.8,68,231,4.2,14.8,3,197
2025-11-18 03:17:48-06:00,14.8,68,232,4.2,14.8,3,197
2025-11-18 03:20:23-06:00,14.8,62,230,4.2,14.8,3,200
2025-11-18 03:20:28-06:00,14.8,61,229,4.2,14.8,3,200
2025-11-18 03:20:33-06:00,14.8,61,229,4.2,14.8,3,200
2025-11-18 03:20:38-06:00,14.8,60,229,4.2,14.8,3,200
2025-11-18 03:20:43-06:00,14.8,61,228,4.2,14.8,3,200
2025-11-18 03:20:48-06:00,14.8,61,228,4.2,14.8,3,200
2025-11-18 03:23:39-06:00,14.8,66,230,4.2,14.8,3,203
2025-11-18 03:30:26-06:00,14.8,67,232,4.2,14.8,3,210
2025-11-18 03:30:31-06:00,14.8,66,231,4.2,14.8,3,210
2025-11-18 03:31:41-06:00,14.8,66,230,4.2,14.8,3,211
2025-11-18 03:31:46-06:00,14.8,66,232,4.2,14.8,3,211
2025-11-18 03:31:51-06:00,14.8,67,231,4.2,14.8,3,211
2025-11-18 03:32:31-06:00,14.8,66,231,4.2,14.8,3,212
2025-11-18 03:32:36-06:00,14.8,66,231,4.2,14.8,3,212
2025-11-18 03:35:37-06:00,14.8,65,231,4.2,14.8,3,215
2025-11-18 03:35:42-06:00,14.8,66,231,4.2,14.8,3,215
2025-11-18 03:35:47-06:00,14.8,66,231,4.2,14.8,3,215
2025-11-18 03:35:52-06:00,14.8,65,230,4.2,14.8,3,215
2025-11-18 03:38:03-06:00,14.8,64,232,4.2,14.8,3,218
2025-11-18 03:38:53-06:00,14.8,65,233,4.2,14.8,3,218
2025-11-18 03:38:58-06:00,14.8,64,232,4.2,14.8,3,218
2025-11-18 03:39:03-06:00,14.8,65,233,4.2,14.8,3,219
2025-11-18 03:41:39-06:00,14.8,66,232,4.2,14.8,3,221
2025-11-18 03:42:05-06:00,14.8,67,232,4.2,14.8,3,222
2025-11-18 03:42:10-06:00,14.8,67,231,4.2,14.8,3,222
2025-11-18 03:42:29-06:00,14.8,68,232,4.2,14.8,3,222
2025-11-18 03:44:50-06:00,14.8,58,232,4.2,14.8,3,224
2025-11-18 03:44:55-06:00,14.8,59,232,4.2,14.8,3,224
2025-11-18 03:45:00-06:00,14.8,59,231,4.2,14.8,3,225
2025-11-18 03:45:05-06:00,14.8,60,232,4.2,14.8,3,225
2025-11-18 03:45:40-06:00,14.8,64,232,4.2,14.8,3,225
2025-11-18 03:45:45-06:00,14.8,64,232,4.2,14.8,3,225
2025-11-18 03:45:50-06:00,14.8,64,232,4.2,14.8,3,225
2025-11-18 03:45:55-06:00,14.8,63,232,4.2,14.8,3,225
2025-11-18 03:46:00-06:00,14.8,63,232,4.2,14.8,3,226
2025-11-18 03:46:05-06:00,14.8,63,233,4.2,14.8,3,226
2025-11-18 03:48:21-06:00,14.8,60,231,4.2,14.8,3,228
2025-11-18 03:48:26-06:00,14.8,61,232,4.2,14.8,3,228
2025-11-18 03:48:31-06:00,14.8,62,232,4.2,14.8,3,228
2025-11-18 03:48:36-06:00,14.8,63,232,4.2,14.8,3,228
2025-11-18 03:48:41-06:00,14.8,64,232,4.2,14.8,3,228
2025-11-18 03:48:46-06:00,14.8,64,230,4.2,14.8,3,228
2025-11-18 03:51:52-06:00,14.8,56,232,4.2,14.8,3,231
2025-11-18 03:51:57-06:00,14.8,56,232,4.2,14.8,3,231
2025-11-18 03:52:02-06:00,14.8,56,232,4.2,14.8,3,232
2025-11-18 03:52:07-06:00,14.8,56,232,4.2,14.8,3,232
2025-11-18 03:53:52-06:00,14.8,65,233,4.2,14.8,3,233
2025-11-18 03:55:53-06:00,14.8,61,232,4.2,14.4,3,235
2025-11-18 03:55:58-06:00,14.8,62,233,4.2,14.4,3,235
2025-11-18 03:56:03-06:00,14.8,62,232,4.2,14.4,3,236
2025-11-18 03:56:08-06:00,14.8,61,232,4.2,14.4,3,236
2025-11-18 03:56:13-06:00,14.8,61,232,4.2,14.4,3,236
2025-11-18 03:59:19-06:00,14.8,63,232,4.2,14.4,3,239
2025-11-18 03:59:54-06:00,14.8,62,232,4.2,14.4,3,239
2025-11-18 03:59:59-06:00,14.8,63,232,4.2,14.4,3,239
2025-11-18 04:00:04-06:00,14.8,62,232,4.2,14.4,4,240
2025-11-18 04:00:09-06:00,14.6,63,231,4.2,14.4,4,240
2025-11-18 04:00:14-06:00,14.7,64,231,4.2,14.4,4,240
2025-11-18 04:02:20-06:00,14.4,60,231,4.2,14.4,4,242
2025-11-18 04:02:55-06:00,14.4,65,231,4.2,14.4,4,242
2025-11-18 04:03:00-06:00,14.4,66,232,4.2,14.4,4,243
2025-11-18 04:03:05-06:00,14.4,67,231,4.2,14.4,4,243
2025-11-18 04:03:10-06:00,14.4,67,231,4.2,14.4,4,243
2025-11-18 04:03:15-06:00,14.4,65,231,4.2,14.4,4,243
2025-11-18 04:04:31-06:00,14.4,69,231,4.2,14.4,4,244
2025-11-18 04:13:08-06:00,14.4,63,230,4.2,14.4,4,253
2025-11-18 04:13:13-06:00,14.4,62,231,4.2,14.4,4,253
2025-11-18 04:13:18-06:00,14.4,61,230,4.2,14.4,4,253
2025-11-18 04:20:00-06:00,14.4,66,230,4.2,14.4,4,260
2025-11-18 04:20:05-06:00,14.4,66,230,4.2,14.4,4,260
2025-11-18 04:24:16-06:00,14.4,66,231,4.2,14.4,4,264
2025-11-18 04:24:21-06:00,14.4,66,231,4.2,14.4,4,264
2025-11-18 04:24:26-06:00,14.4,66,231,4.2,14.4,4,264
2025-11-18 04:24:31-06:00,14.4,65,231,4.2,14.4,4,264
2025-11-18 04:25:11-06:00,14.4,63,230,4.2,14.4,4,265
2025-11-18 04:25:16-06:00,14.4,64,230,4.2,14.4,4,265
2025-11-18 04:26:42-06:00,14.4,61,230,4.2,14.4,4,266
2025-11-18 04:30:58-06:00,14.4,62,232,4.2,14.1,4,270
2025-11-18 04:31:03-06:00,14.4,61,231,4.2,14.1,4,271
2025-11-18 04:31:08-06:00,14.4,61,231,4.2,14.1,4,271
2025-11-18 04:31:13-06:00,14.4,61,231,4.2,14.1,4,271
2025-11-18 04:31:18-06:00,14.4,61,231,4.2,14.1,4,271
2025-11-18 04:31:58-06:00,14.4,62,231,4.2,14.4,4,271
2025-11-18 04:32:03-06:00,14.4,61,231,4.2,14.4,4,272
2025-11-18 04:32:08-06:00,14.4,61,231,4.2,14.3,4,272
2025-11-18 04:32:13-06:00,14.4,61,231,4.2,14.1,4,272
2025-11-18 04:32:29-06:00,14.4,62,232,4.2,14.1,4,272
2025-11-18 04:32:34-06:00,14.4,62,232,4.2,14.1,4,272
2025-11-18 04:32:39-06:00,14.4,62,231,4.2,14.1,4,272
2025-11-18 04:32:44-06:00,14.4,61,231,4.2,14.1,4,272
2025-11-18 04:32:49-06:00,14.4,61,231,4.2,14.1,4,272
2025-11-18 04:32:59-06:00,14.4,60,231,4.2,14.1,4,272
2025-11-18 04:33:04-06:00,14.2,60,231,4.2,14.1,4,273
2025-11-18 04:38:10-06:00,14.1,62,230,4.2,14.4,4,278
2025-11-18 04:38:15-06:00,14.1,61,231,4.2,14.4,4,278
2025-11-18 04:38:20-06:00,14.1,61,231,4.2,14.4,4,278
2025-11-18 04:38:25-06:00,14.1,62,230,4.2,14.4,4,278
2025-11-18 04:38:30-06:00,14.1,61,231,4.2,14.4,4,278
2025-11-18 04:41:56-06:00,14.4,66,232,4.2,14.1,4,281
2025-11-18 04:42:16-06:00,14.4,65,231,4.2,14.1,4,282
2025-11-18 04:42:21-06:00,14.4,64,231,4.2,14.1,4,282
2025-11-18 04:42:56-06:00,14.4,62,231,4.2,14.4,4,282
2025-11-18 04:43:57-06:00,14.4,63,230,4.2,14.1,4,283
2025-11-18 04:44:02-06:00,14.4,62,231,4.2,14.4,4,284
2025-11-18 04:44:07-06:00,14.4,63,231,4.2,14.4,4,284
2025-11-18 04:44:12-06:00,14.4,64,231,4.2,14.4,4,284
2025-11-18 04:44:17-06:00,14.4,62,231,4.2,14.4,4,284
2025-11-18 04:44:22-06:00,14.4,62,230,4.2,14.4,4,284
2025-11-18 04:44:27-06:00,14.4,61,231,4.2,14.4,4,284
2025-11-18 04:45:37-06:00,14.1,62,230,4.2,14.1,4,285
2025-11-18 04:45:48-06:00,14.1,63,230,4.2,14.1,4,285
2025-11-18 04:46:42-06:00,14.3,64,228,4.2,14.4,4,286
2025-11-18 04:46:47-06:00,14.1,64,228,4.2,14.4,4,286
2025-11-18 04:46:52-06:00,14.1,64,228,4.2,14.4,4,286
2025-11-18 04:49:33-06:00,14.4,66,226,4.2,14.2,4,289
2025-11-18 04:49:38-06:00,14.4,66,227,4.2,14.1,4,289
2025-11-18 04:49:43-06:00,14.4,66,225,4.2,14.1,4,289
2025-11-18 04:49:48-06:00,14.4,66,226,4.2,14.1,4,289
2025-11-18 04:49:53-06:00,14.4,66,226,4.2,14.1,4,289
2025-11-18 04:50:43-06:00,14.1,61,224,4.2,14.1,4,290
2025-11-18 04:50:48-06:00,14.1,60,226,4.2,14.1,4,290
2025-11-18 04:50:54-06:00,14.1,60,226,4.2,14.1,4,290
2025-11-18 04:50:59-06:00,14.1,60,226,4.2,14.1,4,290
2025-11-18 04:51:04-06:00,14.1,62,226,4.2,14.1,4,291
2025-11-18 04:51:09-06:00,14.1,64,226,4.2,14.1,4,291
2025-11-18 04:51:14-06:00,14.1,64,226,4.2,14.1,4,291
2025-11-18 04:51:19-06:00,14.1,64,226,4.2,14.1,4,291
2025-11-18 04:52:54-06:00,14.4,66,227,4.2,14.1,4,292
2025-11-18 04:53:44-06:00,14.1,66,227,4.2,14.1,4,293
2025-11-18 04:53:49-06:00,14.1,66,226,4.2,14.1,4,293
2025-11-18 04:53:54-06:00,14.1,66,227,4.2,14.1,4,293
2025-11-18 04:53:59-06:00,14.1,66,227,4.2,14.1,4,293
2025-11-18 04:54:04-06:00,14.1,65,227,4.2,14.1,4,294
2025-11-18 04:54:09-06:00,14.1,64,227,4.2,14.1,4,294
2025-11-18 04:54:14-06:00,14.1,65,227,4.2,14.1,4,294
2025-11-18 04:54:19-06:00,14.1,65,227,4.2,14.1,4,294
2025-11-18 04:54:24-06:00,14.2,66,228,4.2,14.1,4,294
2025-11-18 04:58:00-06:00,14.1,56,227,4.2,14.1,4,298
2025-11-18 04:58:05-06:00,14.1,57,227,4.2,14.1,4,298
2025-11-18 05:00:21-06:00,14.1,58,227,4.2,14.1,5,300
2025-11-18 05:00:26-06:00,14.1,59,226,4.2,14.1,5,300
2025-11-18 05:00:31-06:00,14.1,59,226,4.2,14.1,5,300
2025-11-18 05:03:32-06:00,14.1,62,227,4.2,14.1,5,303
2025-11-18 05:04:22-06:00,14.1,63,228,4.2,14.1,5,304
2025-11-18 05:04:27-06:00,14.1,61,228,4.2,14.1,5,304
2025-11-18 05:05:03-06:00,14.1,62,227,4.2,14.1,5,305
2025-11-18 05:05:08-06:00,14.1,60,227,4.2,14.1,5,305
2025-11-18 05:05:13-06:00,14.1,59,228,4.2,14.1,5,305
2025-11-18 05:07:08-06:00,14.1,61,229,4.2,14.1,5,307
2025-11-18 05:07:13-06:00,14.1,58,228,4.2,14.1,5,307
2025-11-18 05:07:58-06:00,14.1,54,230,4.2,14.1,5,307
2025-11-18 05:08:03-06:00,14.1,55,229,4.2,14.1,5,308
2025-11-18 05:08:08-06:00,14.1,56,230,4.2,14.1,5,308
2025-11-18 05:08:13-06:00,14.1,57,229,4.2,14.1,5,308
2025-11-18 05:08:18-06:00,14.1,59,230,4.2,14.1,5,308
2025-11-18 05:10:19-06:00,14.1,62,229,4.2,14.1,5,310
2025-11-18 05:10:49-06:00,14.1,62,230,4.2,14.1,5,310
2025-11-18 05:10:54-06:00,14.1,62,229,4.2,14.1,5,310
2025-11-18 05:10:59-06:00,14.1,63,229,4.2,14.1,5,310
2025-11-18 05:11:04-06:00,14.1,64,229,4.2,14.1,5,311
2025-11-18 05:11:09-06:00,14.1,64,229,4.2,14.1,5,311
2025-11-18 05:14:20-06:00,14.1,59,228,4.2,14.1,5,314
2025-11-18 05:14:25-06:00,14.1,59,229,4.2,14.1,5,314
2025-11-18 05:16:56-06:00,14.1,63,228,4.2,14.1,5,316
2025-11-18 05:17:01-06:00,14.1,64,228,4.2,14.1,5,317
2025-11-18 05:17:06-06:00,14.1,64,228,4.2,14.1,5,317
2025-11-18 05:17:11-06:00,14.1,64,227,4.2,14.1,5,317
2025-11-18 05:17:16-06:00,14.1,64,227,4.2,14.1,5,317
2025-11-18 05:17:21-06:00,14.1,64,228,4.2,14.1,5,317
2025-11-18 05:17:26-06:00,14.1,64,228,4.2,14.1,5,317
2025-11-18 05:17:31-06:00,14.1,64,227,4.2,14.1,5,317
2025-11-18 05:18:36-06:00,14.1,63,227,4.2,14.1,5,318
2025-11-18 05:18:41-06:00,14.1,62,227,4.2,14.1,5,318
2025-11-18 05:18:46-06:00,14.1,61,228,4.2,14.1,5,318
2025-11-18 05:18:51-06:00,14.1,60,227,4.2,14.1,5,318
2025-11-18 05:20:52-06:00,14.1,62,231,4.2,14.1,5,320
2025-11-18 05:21:52-06:00,14.1,61,226,4.2,14.1,5,321
2025-11-18 05:22:58-06:00,14.1,61,227,4.2,14.1,5,322
2025-11-18 05:23:03-06:00,14.1,60,226,4.2,14.1,5,323
2025-11-18 05:23:08-06:00,14.1,59,227,4.2,14.1,5,323
2025-11-18 05:23:13-06:00,14.1,60,226,4.2,14.1,5,323
2025-11-18 05:23:18-06:00,14.1,60,226,4.2,14.1,5,323
2025-11-18 05:23:23-06:00,14.1,61,227,4.2,14.1,5,323
2025-11-18 05:25:28-06:00,14.1,61,227,4.2,14.1,5,325
2025-11-18 05:25:33-06:00,14.1,62,225,4.2,14.1,5,325
2025-11-18 05:25:38-06:00,14.1,62,226,4.2,14.1,5,325
2025-11-18 05:26:13-06:00,14.1,63,226,4.2,14.1,5,326
2025-11-18 05:26:18-06:00,14.1,64,227,4.2,14.1,5,326
2025-11-18 05:28:55-06:00,14.1,68,228,4.2,14.1,5,328
2025-11-18 05:29:35-06:00,14.1,66,228,4.2,14.1,5,329
2025-11-18 05:29:40-06:00,14.1,65,228,4.2,14.1,5,329
2025-11-18 05:29:45-06:00,14.1,65,228,4.2,14.1,5,329
2025-11-18 05:29:50-06:00,14.1,66,228,4.2,14.1,5,329
2025-11-18 05:32:15-06:00,14.1,66,231,4.2,14.1,5,332
2025-11-18 05:32:20-06:00,14.1,66,229,4.2,14.1,5,332
2025-11-18 05:32:25-06:00,14.1,66,230,4.2,14.1,5,332
2025-11-18 05:33:15-06:00,14.1,65,230,4.2,14.1,5,333
2025-11-18 05:33:20-06:00,14.1,65,230,4.2,14.1,5,333
2025-11-18 05:33:25-06:00,14.1,64,230,4.2,14.1,5,333
2025-11-18 05:33:30-06:00,14.1,64,230,4.2,14.1,5,333
2025-11-18 05:36:46-06:00,14.1,69,232,4.2,14.1,5,336
2025-11-18 05:40:58-06:00,14.1,70,231,4.2,14.1,5,340
2025-11-18 05:41:03-06:00,14.1,69,231,4.2,14.1,5,341
2025-11-18 05:46:39-06:00,14.1,71,233,4.2,14.1,5,346
2025-11-18 05:48:10-06:00,14.1,69,233,4.2,14.1,5,348
2025-11-18 05:48:20-06:00,14.1,66,233,4.2,14.1,5,348
2025-11-18 05:48:25-06:00,14.1,66,233,4.2,14.1,5,348
2025-11-18 05:48:30-06:00,14.1,65,233,4.2,14.1,5,348
2025-11-18 05:48:35-06:00,14.1,65,231,4.2,14.1,5,348
2025-11-18 05:48:40-06:00,14.1,65,233,4.2,14.1,5,348
2025-11-18 05:48:45-06:00,14.1,66,233,4.2,14.1,5,348
2025-11-18 05:48:50-06:00,14.1,67,233,4.2,14.1,5,348
2025-11-18 05:49:20-06:00,14.1,64,232,4.2,14.1,5,349
2025-11-18 05:49:25-06:00,14.1,66,233,4.2,14.1,5,349
2025-11-18 05:49:30-06:00,14.1,66,233,4.2,14.1,5,349
2025-11-18 05:49:35-06:00,14.1,66,233,4.2,14.1,5,349
2025-11-18 05:49:40-06:00,14.1,67,233,4.2,14.1,5,349
2025-11-18 05:49:45-06:00,14.1,68,233,4.2,14.1,5,349
2025-11-18 05:49:50-06:00,14.1,67,233,4.2,14.1,5,349
2025-11-18 05:50:56-06:00,14.1,67,233,4.2,14.1,5,350
2025-11-18 05:51:01-06:00,14.1,67,233,4.2,14.1,5,351
2025-11-18 05:51:06-06:00,14.1,67,233,4.2,14.1,5,351
2025-11-18 05:51:11-06:00,14.1,67,233,4.2,14.1,5,351
2025-11-18 05:51:45-06:00,14.1,65,233,4.2,14.1,5,351
2025-11-18 05:51:50-06:00,14.1,64,233,4.2,14.1,5,351
2025-11-18 05:53:56-06:00,14.1,60,234,4.2,14.1,5,353
2025-11-18 05:54:56-06:00,14.1,69,233,4.2,14.1,5,354
2025-11-18 05:55:01-06:00,14.1,67,232,4.2,14.1,5,355
2025-11-18 05:55:06-06:00,14.1,66,232,4.2,14.1,5,355
2025-11-18 05:57:17-06:00,14.1,65,232,4.2,14.1,5,357
2025-11-18 05:57:57-06:00,13.8,66,235,4.2,14.1,5,357
2025-11-18 05:58:02-06:00,14.0,67,234,4.2,14.1,5,358
2025-11-18 05:58:07-06:00,14.1,68,234,4.2,14.1,5,358
2025-11-18 05:58:12-06:00,14.1,68,234,4.2,14.1,5,358
2025-11-18 05:58:17-06:00,14.1,68,234,4.2,14.1,5,358
2025-11-18 06:00:58-06:00,14.1,65,233,4.2,14.1,6,360
2025-11-18 06:01:03-06:00,14.1,66,233,4.2,14.1,6,361
2025-11-18 06:01:08-06:00,14.1,67,234,4.2,14.1,6,361
2025-11-18 06:01:13-06:00,14.1,68,233,4.2,14.1,6,361
2025-11-18 06:05:19-06:00,14.0,59,233,4.2,14.1,6,365
2025-11-18 06:05:24-06:00,14.1,60,232,4.2,14.1,6,365
2025-11-18 06:05:29-06:00,14.1,61,232,4.2,14.1,6,365
2025-11-18 06:05:34-06:00,14.1,63,233,4.2,14.1,6,365
2025-11-18 06:05:39-06:00,14.1,64,231,4.2,14.1,6,365
2025-11-18 06:05:44-06:00,14.1,62,231,4.2,14.1,6,365
2025-11-18 06:05:49-06:00,14.1,60,232,4.2,14.1,6,365
2025-11-18 06:09:25-06:00,14.1,71,231,4.2,13.7,6,369
2025-11-18 06:09:30-06:00,14.1,71,231,4.2,13.7,6,369
2025-11-18 06:09:35-06:00,14.1,71,231,4.2,13.7,6,369
2025-11-18 06:09:40-06:00,14.1,69,231,4.2,13.7,6,369
2025-11-18 06:10:56-06:00,14.1,64,231,4.2,13.7,6,370
2025-11-18 06:11:51-06:00,14.1,62,231,4.2,13.7,6,371
2025-11-18 06:11:56-06:00,14.1,61,231,4.2,13.7,6,371
2025-11-18 06:12:51-06:00,14.1,59,231,4.2,13.7,6,372
2025-11-18 06:12:56-06:00,14.0,58,232,4.2,13.8,6,372
2025-11-18 06:13:21-06:00,14.0,59,231,4.2,13.7,6,373
2025-11-18 06:13:26-06:00,13.9,59,230,4.2,13.7,6,373
2025-11-18 06:14:57-06:00,13.7,54,231,4.2,14.1,6,374
2025-11-18 06:15:02-06:00,13.7,54,231,4.2,14.1,6,375
2025-11-18 06:15:07-06:00,13.7,56,231,4.2,14.1,6,375
2025-11-18 06:15:12-06:00,13.7,58,230,4.2,14.1,6,375
2025-11-18 06:16:43-06:00,13.7,60,230,4.2,14.1,6,376
2025-11-18 06:19:13-06:00,13.8,63,229,4.2,14.0,6,379
2025-11-18 06:19:18-06:00,14.0,64,232,4.2,14.0,6,379
2025-11-18 06:19:23-06:00,14.1,64,230,4.2,14.1,6,379
2025-11-18 06:19:28-06:00,14.1,64,230,4.2,14.1,6,379
2025-11-18 06:22:24-06:00,13.7,57,229,4.2,14.1,6,382
2025-11-18 06:22:29-06:00,13.7,57,230,4.2,14.1,6,382
2025-11-18 06:22:34-06:00,13.7,54,230,4.2,14.1,6,382
2025-11-18 06:22:39-06:00,13.7,54,229,4.2,14.0,6,382
2025-11-18 06:23:19-06:00,14.1,59,230,4.2,13.7,6,383
2025-11-18 06:23:24-06:00,14.1,59,230,4.2,13.7,6,383
2025-11-18 06:30:16-06:00,13.7,55,229,4.2,13.7,6,390
2025-11-18 06:30:21-06:00,13.7,55,229,4.2,13.7,6,390
2025-11-18 06:30:26-06:00,13.7,54,229,4.2,13.7,6,390
2025-11-18 06:30:31-06:00,13.7,54,230,4.2,13.7,6,390
2025-11-18 06:30:36-06:00,13.7,55,229,4.2,13.7,6,390
2025-11-18 06:30:41-06:00,13.7,54,228,4.2,13.7,6,390
2025-11-18 06:30:46-06:00,13.7,54,229,4.2,13.7,6,390
2025-11-18 06:30:51-06:00,13.7,53,229,4.2,13.7,6,390
2025-11-18 06:34:17-06:00,13.8,67,228,4.2,13.7,6,394
2025-11-18 06:36:58-06:00,13.7,56,228,4.2,13.7,6,396
2025-11-18 06:37:03-06:00,13.7,56,228,4.2,13.7,6,397
2025-11-18 06:37:08-06:00,13.7,56,229,4.2,13.7,6,397
2025-11-18 06:37:38-06:00,13.7,58,228,4.2,13.7,6,397
2025-11-18 06:37:58-06:00,13.7,63,229,4.2,13.7,6,397
2025-11-18 06:38:03-06:00,13.7,60,229,4.2,13.7,6,398
2025-11-18 06:38:08-06:00,13.7,58,228,4.2,13.7,6,398
2025-11-18 06:40:09-06:00,13.7,65,227,4.2,13.7,6,400
2025-11-18 06:40:14-06:00,13.7,66,230,4.2,13.7,6,400
2025-11-18 06:40:19-06:00,13.7,65,228,4.2,13.7,6,400
2025-11-18 06:40:24-06:00,13.7,65,228,4.2,13.7,6,400
2025-11-18 06:40:29-06:00,13.7,64,228,4.2,13.7,6,400
2025-11-18 06:40:59-06:00,13.7,63,228,4.2,13.7,6,400
2025-11-18 06:41:04-06:00,13.7,63,228,4.2,13.7,6,401
2025-11-18 06:41:09-06:00,13.7,63,228,4.2,13.7,6,401
2025-11-18 06:41:14-06:00,13.7,63,228,4.2,13.7,6,401
2025-11-18 06:41:19-06:00,13.7,64,228,4.2,13.7,6,401
2025-11-18 06:41:24-06:00,13.7,64,229,4.2,13.7,6,401
2025-11-18 06:44:30-06:00,13.7,64,229,4.2,13.7,6,404
2025-11-18 06:44:35-06:00,13.7,64,228,4.2,13.7,6,404
2025-11-18 06:51:22-06:00,13.7,70,229,5.0,14.1,6,411
2025-11-18 06:51:27-06:00,13.7,70,229,5.0,14.1,6,411
2025-11-18 06:51:32-06:00,13.7,70,228,5.0,14.1,6,411
2025-11-18 06:58:34-06:00,14.1,71,229,10.8,14.1,6,418
2025-11-18 06:58:39-06:00,14.1,69,229,10.8,14.1,6,418
2025-11-18 06:58:44-06:00,14.1,66,229,10.8,14.1,6,418
2025-11-18 06:58:49-06:00,14.1,65,230,10.8,14.1,6,418
2025-11-18 07:01:45-06:00,13.9,70,229,17.5,13.7,7,421
2025-11-18 07:01:50-06:00,14.0,70,230,17.5,13.7,7,421
2025-11-18 07:02:35-06:00,14.0,71,230,20.0,13.7,7,422
2025-11-18 07:02:40-06:00,14.1,71,230,20.0,13.7,7,422
2025-11-18 07:02:45-06:00,14.1,71,230,20.0,13.7,7,422
2025-11-18 07:03:11-06:00,14.1,72,229,21.7,13.7,7,423
2025-11-18 07:04:56-06:00,13.7,65,229,29.2,13.7,7,424
2025-11-18 07:05:01-06:00,13.7,65,230,30.0,13.7,7,425
2025-11-18 07:05:06-06:00,13.7,65,228,30.0,13.7,7,425
2025-11-18 07:05:11-06:00,13.7,63,230,30.8,13.7,7,425
2025-11-18 07:05:16-06:00,13.7,62,230,30.8,13.7,7,425
2025-11-18 07:05:21-06:00,13.7,64,230,31.7,13.7,7,425
2025-11-18 07:05:26-06:00,13.7,64,230,31.7,13.7,7,425
2025-11-18 07:05:31-06:00,13.7,64,230,32.5,13.7,7,425
2025-11-18 07:05:56-06:00,13.7,64,229,35.0,13.7,7,425
2025-11-18 07:06:01-06:00,13.7,63,230,35.0,13.7,7,426
2025-11-18 07:06:06-06:00,13.7,64,231,35.8,13.7,7,426
2025-11-18 07:06:11-06:00,13.7,63,230,36.7,13.7,7,426
2025-11-18 07:06:16-06:00,13.7,60,231,36.7,13.7,7,426
2025-11-18 07:06:21-06:00,13.7,59,230,37.5,13.7,7,426
2025-11-18 07:06:26-06:00,13.7,59,230,37.5,13.7,7,426
2025-11-18 07:06:31-06:00,13.7,61,231,38.3,13.7,7,426
2025-11-18 07:08:57-06:00,13.7,61,230,55.8,13.7,7,428
2025-11-18 07:09:02-06:00,13.7,62,231,56.7,13.7,7,429
2025-11-18 07:09:07-06:00,13.7,63,230,57.5,13.7,7,429
2025-11-18 07:09:12-06:00,13.7,64,231,58.3,13.7,7,429
2025-11-18 07:09:17-06:00,13.7,65,230,59.2,13.7,7,429
2025-11-18 07:18:15-06:00,13.7,65,229,154.2,13.7,7,438
2025-11-18 07:18:20-06:00,13.7,65,231,155.0,13.7,7,438
2025-11-18 07:34:25-06:00,13.7,62,230,341.7,13.7,7,454
2025-11-18 07:34:30-06:00,13.7,61,230,342.5,13.7,7,454
2025-11-18 07:34:35-06:00,13.7,60,231,343.3,13.7,7,454
2025-11-18 07:34:40-06:00,13.7,59,230,344.2,13.7,7,454
2025-11-18 07:34:45-06:00,13.7,59,230,345.8,13.7,7,454
2025-11-18 07:34:50-06:00,13.7,59,230,346.7,13.7,7,454
2025-11-18 07:35:20-06:00,13.7,63,231,352.5,13.7,7,455
2025-11-18 07:35:25-06:00,13.7,63,230,353.3,13.7,7,455
2025-11-18 07:35:30-06:00,13.7,64,231,353.3,13.7,7,455
2025-11-18 07:35:35-06:00,13.7,65,230,354.2,13.7,7,455
2025-11-18 07:35:40-06:00,13.7,66,231,355.0,13.7,7,455
2025-11-18 07:35:45-06:00,13.7,66,230,356.7,13.7,7,455
2025-11-18 07:37:46-06:00,13.7,63,230,371.7,13.7,7,457
2025-11-18 07:37:51-06:00,13.7,64,230,373.3,13.7,7,457
2025-11-18 07:44:58-06:00,13.7,66,230,445.0,13.7,7,464
2025-11-18 07:45:03-06:00,13.7,65,230,445.8,13.7,7,465
2025-11-18 07:45:08-06:00,13.7,64,230,445.8,13.7,7,465
2025-11-18 07:45:13-06:00,13.7,63,229,446.7,13.7,7,465
2025-11-18 07:48:55-06:00,13.7,63,229,510.8,13.7,7,468
2025-11-18 07:49:00-06:00,13.7,64,230,514.2,13.7,7,469
2025-11-18 07:49:05-06:00,13.7,64,230,516.7,13.7,7,469
2025-11-18 07:49:10-06:00,13.7,64,230,520.8,13.7,7,469
2025-11-18 07:49:15-06:00,13.7,64,230,524.2,13.7,7,469
2025-11-18 07:49:20-06:00,13.7,63,230,527.5,13.7,7,469
2025-11-18 07:49:25-06:00,13.7,62,230,530.8,13.7,7,469
2025-11-18 07:53:21-06:00,13.7,63,229,606.7,14.1,7,473
2025-11-18 07:53:26-06:00,13.7,62,231,605.8,14.1,7,473
2025-11-18 07:53:31-06:00,13.7,62,232,605.8,14.1,7,473
2025-11-18 07:53:36-06:00,13.7,61,229,607.5,14.1,7,473
2025-11-18 07:54:52-06:00,13.7,61,230,630.0,14.1,7,474
2025-11-18 07:54:57-06:00,13.7,62,230,628.3,14.1,7,474
2025-11-18 07:55:02-06:00,13.7,62,230,626.7,14.1,7,475
2025-11-18 07:55:07-06:00,13.7,61,230,625.8,14.1,7,475
2025-11-18 07:55:12-06:00,13.7,60,231,624.2,14.1,7,475
2025-11-18 07:57:42-06:00,14.1,59,230,643.3,14.1,7,477
2025-11-18 07:57:47-06:00,14.1,59,231,644.2,14.1,7,477
2025-11-18 07:57:52-06:00,14.1,60,230,644.2,14.1,7,477
2025-11-18 07:57:57-06:00,14.1,60,229,645.8,14.1,7,477
2025-11-18 08:03:19-06:00,14.1,61,230,662.5,14.1,8,483
2025-11-18 08:03:59-06:00,14.1,61,230,660.0,14.1,8,483
2025-11-18 08:04:04-06:00,14.1,62,229,663.3,14.1,8,484
2025-11-18 08:04:09-06:00,14.1,63,230,667.5,14.1,8,484
2025-11-18 08:04:14-06:00,14.1,62,230,671.7,14.1,8,484
2025-11-18 08:06:20-06:00,14.1,61,230,715.8,14.1,8,486
2025-11-18 08:10:46-06:00,14.1,60,230,781.7,14.4,8,490
2025-11-18 08:14:42-06:00,14.4,56,230,843.3,14.4,8,494
2025-11-18 08:14:47-06:00,14.4,54,230,845.8,14.4,8,494
2025-11-18 08:14:52-06:00,14.4,55,230,846.7,14.4,8,494
2025-11-18 08:14:58-06:00,14.4,57,230,848.3,14.4,8,494
2025-11-18 08:15:03-06:00,14.4,59,229,850.0,14.4,8,495
2025-11-18 08:15:08-06:00,14.4,57,230,852.5,14.4,8,495
2025-11-18 08:16:13-06:00,14.4,58,230,868.3,14.4,8,496
2025-11-18 08:16:18-06:00,14.4,59,230,869.2,14.4,8,496
2025-11-18 08:16:43-06:00,14.4,58,231,875.0,14.4,8,496
2025-11-18 08:16:48-06:00,14.4,56,230,877.5,14.4,8,496
2025-11-18 08:16:53-06:00,14.4,57,230,879.2,14.4,8,496
2025-11-18 08:16:58-06:00,14.4,56,230,879.2,14.4,8,496
2025-11-18 08:17:03-06:00,14.4,56,230,881.7,14.4,8,497
2025-11-18 08:18:13-06:00,14.4,54,231,901.7,14.4,8,498
2025-11-18 08:24:51-06:00,14.4,58,231,1014.2,14.8,8,504
2025-11-18 08:24:56-06:00,14.4,58,232,1014.2,14.8,8,504
2025-11-18 08:25:01-06:00,14.4,58,231,1015.0,14.8,8,505
2025-11-18 08:25:06-06:00,14.4,58,231,1015.8,14.8,8,505
2025-11-18 08:27:11-06:00,14.8,55,230,1042.5,14.8,8,507
2025-11-18 08:27:16-06:00,14.8,55,230,1043.3,14.8,8,507
2025-11-18 08:27:21-06:00,14.8,55,231,1044.2,14.8,8,507
2025-11-18 08:30:12-06:00,14.8,56,231,1090.8,14.8,8,510
2025-11-18 08:30:17-06:00,14.8,57,231,1092.5,14.8,8,510
2025-11-18 08:30:22-06:00,14.8,58,231,1094.2,14.8,8,510
2025-11-18 08:30:27-06:00,14.8,57,230,1095.0,14.8,8,510
2025-11-18 08:30:32-06:00,14.8,58,231,1093.3,14.8,8,510
2025-11-18 08:34:33-06:00,14.8,56,231,1169.2,14.8,8,514
2025-11-18 08:37:24-06:00,14.8,56,231,1223.3,15.2,8,517
2025-11-18 08:37:29-06:00,14.8,56,231,1225.0,15.2,8,517
2025-11-18 08:40:35-06:00,15.2,53,231,1217.5,15.2,8,520
2025-11-18 08:44:36-06:00,15.2,61,230,1357.5,15.2,8,524
2025-11-18 08:44:41-06:00,15.2,61,231,1356.7,15.2,8,524
2025-11-18 08:44:46-06:00,15.2,60,228,1357.5,15.2,8,524
2025-11-18 08:44:51-06:00,15.2,61,230,1360.0,15.2,8,524
2025-11-18 08:48:17-06:00,15.2,58,230,1419.2,15.2,8,528
2025-11-18 08:48:22-06:00,15.2,58,231,1420.8,15.2,8,528
2025-11-18 08:48:27-06:00,15.2,58,230,1421.7,15.2,8,528
2025-11-18 08:50:53-06:00,15.2,61,231,1455.8,15.7,8,530
2025-11-18 08:50:58-06:00,15.2,61,230,1457.5,15.7,8,530
2025-11-18 08:51:28-06:00,15.2,62,230,1458.3,15.7,8,531
2025-11-18 08:51:33-06:00,15.2,63,231,1459.2,15.7,8,531
2025-11-18 08:51:38-06:00,15.2,63,231,1462.5,15.7,8,531
2025-11-18 08:51:43-06:00,15.2,64,230,1462.5,15.7,8,531
2025-11-18 08:51:48-06:00,15.2,64,231,1464.2,15.7,8,531
2025-11-18 08:51:53-06:00,15.2,61,231,1466.7,15.7,8,531
2025-11-18 08:54:04-06:00,15.2,57,231,1490.0,15.7,8,534
2025-11-18 08:54:34-06:00,15.7,59,231,1499.2,15.7,8,534
2025-11-18 08:54:39-06:00,15.7,59,231,1500.0,15.7,8,534
2025-11-18 08:54:44-06:00,15.7,60,231,1502.5,15.7,8,534
2025-11-18 08:54:49-06:00,15.7,59,231,1502.5,15.7,8,534
2025-11-18 08:54:54-06:00,15.7,60,233,1505.8,15.7,8,534
2025-11-18 08:57:45-06:00,15.7,56,232,1544.2,15.7,8,537
2025-11-18 09:01:01-06:00,15.7,55,232,1581.7,15.7,9,541
2025-11-18 09:01:06-06:00,15.7,55,232,1580.0,15.7,9,541
2025-11-18 09:01:11-06:00,15.7,56,232,1580.8,15.7,9,541
2025-11-18 09:01:16-06:00,15.7,55,232,1583.3,15.7,9,541
2025-11-18 09:01:21-06:00,15.7,56,232,1585.0,15.7,9,541
2025-11-18 09:01:26-06:00,15.7,57,232,1584.2,15.7,9,541
2025-11-18 09:04:58-06:00,15.7,64,231,1625.8,16.1,9,544
2025-11-18 09:05:03-06:00,15.7,64,231,1625.8,16.1,9,545
2025-11-18 09:05:08-06:00,15.7,65,231,1629.2,16.1,9,545
2025-11-18 09:10:14-06:00,16.1,65,231,1690.8,16.1,9,550
2025-11-18 09:10:19-06:00,16.1,65,230,1692.5,16.1,9,550
2025-11-18 09:10:24-06:00,16.1,65,231,1693.3,16.1,9,550
2025-11-18 09:10:29-06:00,16.1,65,231,1692.5,16.1,9,550
2025-11-18 09:10:34-06:00,16.1,65,231,1693.3,16.1,9,550
2025-11-18 09:10:39-06:00,16.1,65,231,1695.8,16.1,9,550
2025-11-18 09:16:56-06:00,16.1,63,231,1768.3,16.1,9,556
2025-11-18 09:19:47-06:00,16.1,63,232,1828.3,16.6,9,559
2025-11-18 09:19:52-06:00,16.1,64,231,1829.2,16.6,9,559
2025-11-18 09:19:57-06:00,16.1,64,231,1807.5,16.6,9,559
2025-11-18 09:20:58-06:00,16.1,65,231,1833.3,16.6,9,560
2025-11-18 09:21:03-06:00,16.1,65,231,1834.2,16.6,9,561
2025-11-18 09:21:08-06:00,16.1,64,231,1835.0,16.6,9,561
2025-11-18 09:21:13-06:00,16.1,64,231,1835.0,16.6,9,561
2025-11-18 09:21:18-06:00,16.1,65,231,1835.0,16.6,9,561
2025-11-18 09:21:23-06:00,16.1,65,231,1834.2,16.6,9,561
2025-11-18 09:22:58-06:00,16.1,65,231,1858.3,16.6,9,562
2025-11-18 09:23:03-06:00,16.1,65,232,1858.3,16.6,9,563
2025-11-18 09:23:08-06:00,16.1,66,231,1859.2,16.6,9,563
2025-11-18 09:23:13-06:00,16.1,66,231,1860.0,16.6,9,563
2025-11-18 09:24:14-06:00,16.6,66,231,1874.2,16.6,9,564
2025-11-18 09:24:19-06:00,16.6,67,231,1873.3,16.6,9,564
2025-11-18 09:29:25-06:00,16.6,66,232,1932.5,16.6,9,569
2025-11-18 09:29:30-06:00,16.6,65,231,1931.7,16.6,9,569
2025-11-18 09:29:35-06:00,16.6,64,231,1933.3,16.6,9,569
2025-11-18 09:36:58-06:00,16.6,65,231,2011.7,17.0,9,576
2025-11-18 09:38:23-06:00,17.0,63,232,2007.5,17.0,9,578
2025-11-18 09:38:28-06:00,17.0,64,232,2007.5,17.0,9,578
2025-11-18 09:38:33-06:00,17.0,64,232,2007.5,17.0,9,578
2025-11-18 09:38:38-06:00,17.0,64,232,2010.0,17.0,9,578
2025-11-18 09:39:23-06:00,17.0,62,232,2015.0,17.0,9,579
2025-11-18 09:39:28-06:00,17.0,62,233,2017.5,17.0,9,579
2025-11-18 09:39:33-06:00,17.0,62,239,2018.3,17.0,9,579
2025-11-18 09:45:30-06:00,17.0,65,232,2091.7,17.0,9,585
2025-11-18 09:51:32-06:00,17.0,65,232,2152.5,17.4,9,591
2025-11-18 09:51:37-06:00,17.0,66,232,2151.7,17.4,9,591
2025-11-18 09:51:42-06:00,17.0,66,233,2151.7,17.4,9,591
2025-11-18 09:51:47-06:00,17.0,65,232,2151.7,17.4,9,591
2025-11-18 09:52:08-06:00,17.0,64,229,2154.2,17.4,9,592
2025-11-18 09:52:13-06:00,17.0,65,232,2154.2,17.4,9,592
2025-11-18 09:52:18-06:00,17.0,64,233,2155.0,17.4,9,592
2025-11-18 09:52:28-06:00,17.0,64,232,2158.3,17.4,9,592
2025-11-18 09:52:33-06:00,17.0,64,232,2160.0,17.4,9,592
2025-11-18 09:52:38-06:00,17.0,64,232,2161.7,17.4,9,592
2025-11-18 09:52:43-06:00,17.0,65,232,2164.2,17.4,9,592
2025-11-18 09:52:48-06:00,17.0,65,232,2163.3,17.4,9,592
2025-11-18 09:52:53-06:00,17.0,64,232,2164.2,17.4,9,592
2025-11-18 09:52:58-06:00,17.0,64,232,2165.8,17.4,9,592
2025-11-18 09:53:03-06:00,17.0,65,232,2167.5,17.4,9,593
2025-11-18 09:54:38-06:00,17.4,65,231,2183.3,17.4,9,594
2025-11-18 09:54:43-06:00,17.4,63,233,2183.3,17.4,9,594
2025-11-18 09:54:48-06:00,17.4,63,232,2185.0,17.4,9,594
2025-11-18 09:58:09-06:00,17.4,60,233,2210.8,17.4,9,598
2025-11-18 10:00:55-06:00,17.4,64,232,2250.0,17.4,10,600
2025-11-18 10:01:00-06:00,17.4,64,231,2254.2,17.4,10,601
2025-11-18 10:01:05-06:00,17.4,65,232,2250.0,17.4,10,601
2025-11-18 10:07:07-06:00,17.4,65,230,2316.7,17.8,10,607
2025-11-18 10:07:12-06:00,17.4,65,232,2315.0,17.8,10,607
2025-11-18 10:07:17-06:00,17.4,64,232,2315.0,17.8,10,607
2025-11-18 10:07:22-06:00,17.4,64,232,2315.0,17.8,10,607
2025-11-18 10:07:27-06:00,17.4,65,232,2315.8,17.8,10,607
2025-11-18 10:07:32-06:00,17.4,65,232,2316.7,17.8,10,607
2025-11-18 10:10:59-06:00,17.8,64,232,2367.5,17.8,10,610
2025-11-18 10:13:24-06:00,17.8,65,232,2388.3,17.8,10,613
2025-11-18 10:13:29-06:00,17.8,65,231,2390.8,17.8,10,613
2025-11-18 10:13:34-06:00,17.8,65,232,2393.3,17.8,10,613
2025-11-18 10:19:41-06:00,17.8,65,233,2451.7,18.2,10,619
2025-11-18 10:19:46-06:00,17.8,65,232,2454.2,18.2,10,619
2025-11-18 10:19:51-06:00,17.8,66,232,2458.3,18.2,10,619
2025-11-18 10:19:56-06:00,17.8,67,233,2460.8,18.2,10,619
2025-11-18 10:22:07-06:00,17.8,66,232,2508.3,18.2,10,622
2025-11-18 10:23:02-06:00,17.8,59,233,2519.2,18.2,10,623
2025-11-18 10:25:58-06:00,18.2,63,232,2490.0,18.2,10,625
2025-11-18 10:26:03-06:00,18.2,58,232,2488.3,18.2,10,626
2025-11-18 10:26:08-06:00,18.2,56,233,2488.3,18.2,10,626
2025-11-18 10:26:13-06:00,18.2,58,232,2487.5,18.2,10,626
2025-11-18 10:29:09-06:00,18.2,64,233,2576.7,18.6,10,629
2025-11-18 10:35:21-06:00,18.6,60,234,2605.8,19.0,10,635
2025-11-18 10:36:16-06:00,18.6,65,233,2609.2,19.0,10,636
2025-11-18 10:38:52-06:00,18.6,54,233,2610.8,19.0,10,638
2025-11-18 10:38:57-06:00,18.6,56,233,2611.7,19.0,10,638
2025-11-18 10:39:02-06:00,18.7,53,234,2610.0,19.0,10,639
2025-11-18 10:39:07-06:00,19.0,54,233,2610.0,19.0,10,639
2025-11-18 10:39:12-06:00,19.0,53,234,2610.8,19.0,10,639
2025-11-18 10:39:17-06:00,19.0,51,234,2613.3,19.0,10,639
2025-11-18 10:42:18-06:00,19.0,60,233,2646.7,19.4,10,642
2025-11-18 10:42:23-06:00,19.0,61,234,2646.7,19.4,10,642
2025-11-18 10:42:28-06:00,19.0,62,234,2644.2,19.4,10,642
2025-11-18 10:42:33-06:00,19.0,63,234,2645.8,19.4,10,642
2025-11-18 10:45:44-06:00,19.0,50,234,2717.5,19.0,10,645
2025-11-18 10:45:49-06:00,19.0,49,234,2717.5,19.0,10,645
2025-11-18 10:46:10-06:00,19.0,45,234,2728.3,19.0,10,646
2025-11-18 10:49:05-06:00,19.0,58,234,2723.3,19.0,10,649
2025-11-18 10:49:10-06:00,19.0,60,234,2720.8,19.0,10,649
2025-11-18 10:49:15-06:00,19.0,61,234,2720.0,19.0,10,649
2025-11-18 10:52:06-06:00,19.0,62,234,2766.7,19.4,10,652
2025-11-18 10:52:11-06:00,19.0,62,234,2769.2,19.4,10,652
2025-11-18 10:52:22-06:00,19.0,62,234,2773.3,19.1,10,652
2025-11-18 10:52:27-06:00,19.0,63,234,2774.2,19.0,10,652
2025-11-18 10:52:32-06:00,19.0,62,234,2776.7,19.1,10,652
2025-11-18 10:52:37-06:00,19.0,64,234,2776.7,19.4,10,652
2025-11-18 10:52:42-06:00,19.0,64,234,2780.8,19.4,10,652
2025-11-18 10:52:47-06:00,19.0,63,234,2781.7,19.4,10,652
2025-11-18 10:52:57-06:00,19.0,62,234,2791.7,19.4,10,652
2025-11-18 10:53:02-06:00,19.0,62,234,2795.0,19.4,10,653
2025-11-18 10:53:07-06:00,19.0,63,234,2793.3,19.4,10,653
2025-11-18 10:53:12-06:00,19.0,64,234,2791.7,19.4,10,653
2025-11-18 11:01:24-06:00,19.4,59,236,2824.2,19.4,11,661
2025-11-18 11:04:10-06:00,19.4,59,234,2843.3,19.4,11,664
2025-11-18 11:04:15-06:00,19.4,60,234,2846.7,19.4,11,664
2025-11-18 11:04:20-06:00,19.4,59,234,2856.7,19.4,11,664
2025-11-18 11:04:25-06:00,19.4,59,234,2855.0,19.4,11,664
2025-11-18 11:13:03-06:00,19.4,59,234,2958.3,19.8,11,673
2025-11-18 11:13:08-06:00,19.4,60,235,2960.8,19.8,11,673
2025-11-18 11:13:13-06:00,19.4,62,234,2959.2,19.8,11,673
2025-11-18 11:13:18-06:00,19.4,60,234,2960.0,19.8,11,673
2025-11-18 11:13:23-06:00,19.4,60,234,2962.5,19.8,11,673
2025-11-18 11:13:28-06:00,19.4,60,234,2960.8,19.8,11,673
2025-11-18 11:14:13-06:00,19.4,57,235,2970.8,19.8,11,674
2025-11-18 11:14:18-06:00,19.4,58,234,2969.2,19.8,11,674
2025-11-18 11:14:23-06:00,19.4,58,234,2968.3,19.8,11,674
2025-11-18 11:14:28-06:00,19.4,58,234,2968.3,19.8,11,674
2025-11-18 11:14:39-06:00,19.4,56,234,2965.8,19.8,11,674
2025-11-18 11:14:44-06:00,19.4,55,234,2965.8,19.8,11,674
2025-11-18 11:14:49-06:00,19.4,51,235,2964.2,19.8,11,674
2025-11-18 11:14:54-06:00,19.4,50,234,2966.7,19.8,11,674
2025-11-18 11:20:55-06:00,19.8,63,234,3016.7,19.8,11,680
2025-11-18 11:21:00-06:00,19.8,63,235,3017.5,19.8,11,681
2025-11-18 11:23:01-06:00,19.8,62,232,3034.2,19.8,11,683
2025-11-18 11:24:01-06:00,19.8,63,234,3024.2,19.8,11,684
2025-11-18 11:24:16-06:00,19.8,61,235,3018.3,19.8,11,684
2025-11-18 11:24:21-06:00,19.8,59,234,3020.8,19.8,11,684
2025-11-18 11:25:02-06:00,19.8,58,234,3025.0,19.8,11,685
2025-11-18 11:25:07-06:00,19.8,58,236,3025.0,19.8,11,685
2025-11-18 11:25:12-06:00,19.8,59,235,3029.2,19.8,11,685
2025-11-18 11:25:17-06:00,19.8,59,235,3030.0,19.8,11,685
2025-11-18 11:25:22-06:00,19.8,59,235,3036.7,19.8,11,685
2025-11-18 11:27:27-06:00,19.8,61,235,3038.3,19.8,11,687
2025-11-18 11:27:27-06:00,19.8,61,235,3038.3,19.8,11,687
2025-11-18 11:27:32-06:00,19.8,61,234,3040.0,19.8,11,687
2025-11-18 11:27:32-06:00,19.8,61,234,3040.0,19.8,11,687
2025-11-18 11:27:53-06:00,19.8,60,234,3035.8,19.8,11,687
2025-11-18 11:27:53-06:00,19.8,60,234,3035.8,19.8,11,687
2025-11-18 11:29:58-06:00,19.8,63,235,3090.0,19.8,11,689
2025-11-18 11:29:58-06:00,19.8,63,235,3090.0,19.8,11,689
2025-11-18 11:32:59-06:00,19.8,62,234,3134.2,20.2,11,692
2025-11-18 11:32:59-06:00,19.8,62,234,3134.2,20.2,11,692
2025-11-18 11:33:04-06:00,19.8,63,235,3136.7,20.2,11,693
2025-11-18 11:33:04-06:00,19.8,63,235,3136.7,20.2,11,693
2025-11-18 11:33:09-06:00,19.8,64,234,3136.7,20.2,11,693
2025-11-18 11:33:09-06:00,19.8,64,234,3136.7,20.2,11,693
2025-11-18 11:33:14-06:00,19.8,64,234,3140.8,20.2,11,693
2025-11-18 11:33:14-06:00,19.8,64,234,3140.8,20.2,11,693
2025-11-18 11:33:19-06:00,19.8,65,235,3142.5,20.2,11,693
2025-11-18 11:33:19-06:00,19.8,65,235,3142.5,20.2,11,693
2025-11-18 11:33:24-06:00,19.8,64,234,3139.2,20.2,11,693
2025-11-18 11:33:24-06:00,19.8,64,234,3139.2,20.2,11,693
2025-11-18 11:36:15-06:00,19.8,60,234,3129.2,20.2,11,696
2025-11-18 11:36:20-06:00,19.8,60,235,3127.5,20.2,11,696
2025-11-18 11:36:25-06:00,19.8,59,235,3128.3,20.2,11,696
2025-11-18 11:36:30-06:00,19.8,61,235,3128.3,20.2,11,696
2025-11-18 11:36:35-06:00,19.8,63,234,3127.5,20.2,11,696
2025-11-18 11:39:26-06:00,19.8,64,235,3163.3,20.2,11,699
2025-11-18 11:39:31-06:00,19.8,65,234,3165.0,20.2,11,699
2025-11-18 11:39:36-06:00,19.8,65,235,3160.0,20.2,11,699
2025-11-18 11:39:41-06:00,19.9,65,234,3158.3,20.2,11,699
2025-11-18 11:41:52-06:00,20.2,61,234,3175.8,20.2,11,701
2025-11-18 11:42:42-06:00,20.2,64,235,3177.5,20.2,11,702
2025-11-18 11:42:47-06:00,20.2,62,235,3173.3,20.2,11,702
2025-11-18 11:42:53-06:00,20.2,61,234,3170.0,20.2,11,702
2025-11-18 11:43:37-06:00,20.2,59,235,3165.0,20.2,11,703
2025-11-18 11:43:42-06:00,20.2,62,235,3165.0,20.2,11,703
